timestamp,region,redis_hit_rate,db_query_time_ms,api_latency_ms,checkout_success_rate,hourly_revenue_usd
2026-07-21 00:00:00,US-East,0.9071707752453216,31.562976726874936,50.23657592322868,0.9851416723791049,48625.6271838286
2026-07-21 01:00:00,US-East,0.9654197080391702,48.90464579629351,67.88324951993086,0.9825949303424667,48157.62107879902
2026-07-21 02:00:00,US-East,0.9698320715151515,43.90264588664063,62.53112232874012,0.9894484490865422,44111.93941299323
2026-07-21 03:00:00,US-East,0.9291178647259123,41.749195695627535,60.12531565375362,0.9956102825997636,48648.064493813385
2026-07-21 04:00:00,US-East,0.9292500237312754,37.78950552704863,55.62377038002231,0.989005557888395,52685.91510522027
2026-07-21 05:00:00,US-East,0.9328043898734616,48.60471358575368,66.4564903384274,0.9960234551505629,51724.67164447707
2026-07-21 06:00:00,US-East,0.9379694399756551,45.87512022004573,68.2946493977998,0.9916716403711919,49613.235663250736
2026-07-21 07:00:00,US-East,0.963248835320573,42.72426774949244,61.90343285578864,0.9827494744634211,49165.7537731135
2026-07-21 08:00:00,US-East,0.9374964334965051,35.831482386856585,55.62485146886214,0.9911539090945256,52462.06446214553
2026-07-21 09:00:00,US-East,0.9509134179204481,42.49554189151833,62.60160244663739,0.974011480804659,48272.33682204833
2026-07-21 10:00:00,US-East,0.9459255218102027,47.26608881451861,67.57140001806948,0.9982117575046322,50082.93925782376
2026-07-21 11:00:00,US-East,0.9755121838041932,49.45641527454541,69.25851075597215,0.9937475933029316,49815.63372230523
2026-07-21 12:00:00,US-East,0.9345989724478997,35.406324758907886,55.589485060060845,0.9883215510665319,49539.49325634563
2026-07-21 13:00:00,US-East,0.9384133495216734,48.78279594023752,67.99054116790373,1.0,52426.31169720885
2026-07-21 14:00:00,US-East,0.9094037904839013,44.17542122321622,68.5994480958863,0.9924910377467544,45669.57363198344
2026-07-21 15:00:00,US-East,0.9710344200042684,48.43026434445675,67.63239025856561,0.9829984853965648,50507.10943919658
2026-07-21 16:00:00,US-East,0.9615066320251833,38.59909839397265,60.43590547142958,0.9885354631124496,50144.46709242739
2026-07-21 17:00:00,US-East,0.928310681761923,46.366306219179585,66.30551657302613,0.9929867523121777,50694.19802441002
2026-07-21 18:00:00,US-East,0.9489300161874394,45.98682058236566,64.51068337926182,0.9931261141742838,47470.97503044618
2026-07-21 19:00:00,US-East,0.9375738233998074,53.3897799335396,74.83898346421222,0.9847940350264446,52114.946567260195
2026-07-21 20:00:00,US-East,0.9803316098015964,40.43136212712415,58.67456130280356,0.9965059554248337,53307.19320429691
2026-07-21 21:00:00,US-East,0.9484537066339948,41.20973019843018,63.58691214264161,0.9928665919589583,48616.832172230614
2026-07-21 22:00:00,US-East,0.9171906107612691,44.18458520422019,60.51439961011405,0.9864857760274096,52510.82865283445
2026-07-21 23:00:00,US-East,0.9258316920163875,43.63597595942486,63.42312877548339,0.9893230846469161,55241.86872387106
2026-07-22 00:00:00,US-East,0.9456457947136907,47.85169140979059,67.57807505015738,0.9899259114977698,50145.211189527174
2026-07-22 01:00:00,US-East,0.9584363971459395,37.46317289012356,57.65603245699464,0.9863977299642712,51634.620155797995
2026-07-22 02:00:00,US-East,0.9316998005171526,47.95579308975245,70.95842922972746,0.9794277938664129,52689.650119375496
2026-07-22 03:00:00,US-East,0.9348685525071008,38.29495652633518,57.381681496646344,0.9865675224255185,50499.33351890659
2026-07-22 04:00:00,US-East,0.957201661411028,46.9286913730259,66.40148382926313,0.9808663258293824,49419.079580523314
2026-07-22 05:00:00,US-East,0.9158344656158849,43.94294171002434,66.78793082703234,0.9916885981516202,48008.358536204425
2026-07-22 06:00:00,US-East,0.932761460098603,50.43878041561988,71.00151922204485,0.9890942510030976,50431.21389430835
2026-07-22 07:00:00,US-East,0.9292001035593315,39.64996251615759,63.209155134167496,0.9749039790562565,51962.03884937368
2026-07-22 08:00:00,US-East,0.9590265102224856,46.5730121214834,64.51089926333432,0.9843252499667701,47131.792914137455
2026-07-22 09:00:00,US-East,0.9193896588839087,46.54801013526435,64.22176201668839,0.9911691028702585,52950.77781478813
2026-07-22 10:00:00,US-East,0.9408696724262409,50.62111869392125,69.93998296691936,0.998731263912831,48974.58324184235
2026-07-22 11:00:00,US-East,0.9562803702576036,39.08500020797425,59.68908008958002,0.9784669496640798,47698.49827084763
2026-07-22 12:00:00,US-East,0.9033675635438456,45.42066842985278,65.73718741969375,0.9905541505501294,50159.63523951333
2026-07-22 13:00:00,US-East,0.9448789548717517,39.190040271370606,62.951246581584186,0.9928286357966327,49933.39543081252
2026-07-22 14:00:00,US-East,0.9690448253115121,44.62516107656077,63.83466700616133,0.9889522652071914,48744.886392510765
2026-07-22 15:00:00,US-East,0.9327159081285729,45.565368396454346,64.36162245571049,0.9881265092698661,48376.63488615695
2026-07-22 16:00:00,US-East,0.9447573630366102,37.32461934047517,56.58300720359156,0.9857717046317558,50896.82286741532
2026-07-22 17:00:00,US-East,0.9291352619727401,45.897855871933885,69.80350572980461,0.9961754006723074,51572.54841989691
2026-07-22 18:00:00,US-East,0.9328677261376145,46.177742380178195,66.17708392820572,0.9951423948974475,50689.388173496605
2026-07-22 19:00:00,US-East,0.9562661785066383,48.30881814798119,67.01487314320433,0.9946974450885692,49786.34832000212
2026-07-22 20:00:00,US-East,0.9755698561675258,48.77809795150642,68.54402669122359,0.9882465811923741,52756.037427774565
2026-07-22 21:00:00,US-East,0.9637949955216576,47.2301777697216,69.15627356561046,0.9934528830257306,50510.61317113613
2026-07-22 22:00:00,US-East,0.9663604269617109,47.80240737388599,67.15084594321566,0.9997374033950045,48713.7384228955
2026-07-22 23:00:00,US-East,0.9385551735120343,40.19294766250662,61.388842661895595,0.9879572187036753,48299.13787083832
2026-07-23 00:00:00,US-East,0.8908618321018923,47.72958822677219,67.73073141121185,0.9951592846772117,51858.47246413781
2026-07-23 01:00:00,US-East,0.9358287696196831,46.48160325359487,67.84817018479401,0.984536605104394,46870.725190430945
2026-07-23 02:00:00,US-East,0.9132097657445978,48.507357280558296,71.47075128110208,0.9913843527405803,47398.749876185546
2026-07-23 03:00:00,US-East,0.947705674384813,47.49257392928669,65.90284727445425,0.9842433987600171,48130.70948003412
2026-07-23 04:00:00,US-East,0.9227454892067677,47.02336805223549,63.36745717193972,0.9931667530141356,50323.89884423505
2026-07-23 05:00:00,US-East,0.9624030551975309,41.25142495061487,59.93054823257304,0.9869613368735052,49653.95627825522
2026-07-23 06:00:00,US-East,0.9512045922476183,48.61084617446978,65.0053589573505,0.9942597837032683,49360.29671313667
2026-07-23 07:00:00,US-East,0.9275022209631187,44.24630105016927,65.10126975664404,1.0,47971.13323325777
2026-07-23 08:00:00,US-East,0.9831153619900863,39.530615964174885,61.52109162363091,0.9979712959090008,47601.636389793726
2026-07-23 09:00:00,US-East,0.9479146378376848,50.051594506515684,70.28236933062202,0.9940279085127576,47925.94287495793
2026-07-23 10:00:00,US-East,0.946008814154494,50.38452484864294,72.88046133771374,0.9890256992100092,50480.693192002545
2026-07-23 11:00:00,US-East,0.9222197042507709,43.32064051002717,64.67430983324633,0.9916589281504447,49064.26707769489
2026-07-23 12:00:00,US-East,0.9494554507489238,46.73616019956326,64.45787445537964,0.9884192722030987,46705.65500492455
2026-07-23 13:00:00,US-East,0.9322224401661369,48.83602193479728,67.9951203345742,0.9908791055317415,51189.672574230586
2026-07-23 14:00:00,US-East,0.96187569310937,45.071754794239325,63.56566214581656,0.9859066579370137,52708.8947898561
2026-07-23 15:00:00,US-East,0.9388546483455013,53.16428199141915,71.20955012055958,0.9856897133459805,47706.61693197957
2026-07-23 16:00:00,US-East,0.9978858186510028,62.12282150425598,80.2877961471549,0.9908552475583631,47825.68255060841
2026-07-23 17:00:00,US-East,0.9928805292036549,42.099268415518964,64.64592745889877,0.9899038367533417,49324.26869083086
2026-07-23 18:00:00,US-East,0.9646461141738306,45.4218520710217,66.22202828840038,0.9919213559352138,49783.37899566286
2026-07-23 19:00:00,US-East,0.9272995531514646,44.1247402251821,62.652617791802044,0.9943018053871937,51337.10082627911
2026-07-23 20:00:00,US-East,0.9486608371645159,43.44606645045951,62.83255746035958,0.9907544750018786,50232.026467277996
2026-07-23 21:00:00,US-East,0.9307320313362365,34.48922815462521,54.93068114703638,0.9916563669428292,51889.989347341034
2026-07-23 22:00:00,US-East,0.9326957196875667,49.24284261100024,68.62479974022382,0.993171639590378,50848.24613714257
2026-07-23 23:00:00,US-East,0.9489859940670486,44.08869158686685,67.99596999205001,0.9868332683419997,49619.92329456696
2026-07-24 00:00:00,US-East,0.9390618099597577,35.036522080992256,53.96716085327065,0.9891635833078224,47749.33796542902
2026-07-24 01:00:00,US-East,0.9519949009926097,50.20490155345386,72.32337456539815,0.995921408935036,48520.14078970303
2026-07-24 02:00:00,US-East,0.9307612508651223,47.123650381344,67.3468565046621,0.9873160015364743,47806.814963908066
2026-07-24 03:00:00,US-East,0.9528922885718683,52.57030569609609,74.12075716778978,0.9927716998183547,49789.18257785175
2026-07-24 04:00:00,US-East,0.9878730721635417,42.244601839254436,61.75658491605949,0.9962306386961611,47914.91010307618
2026-07-24 05:00:00,US-East,0.9675920465553601,51.44599984353478,72.73203636946945,0.997824867304326,51433.971479720305
2026-07-24 06:00:00,US-East,0.9752771588052751,38.709928577936815,59.14320419857312,0.9887700251667554,53832.181960383525
2026-07-24 07:00:00,US-East,0.9571073644108066,40.63815938671482,56.0910458035508,0.9932742283405471,51217.727101523335
2026-07-24 08:00:00,US-East,0.9620640738524446,43.06868738413504,64.22371038068727,0.9879827477591312,50057.59837406768
2026-07-24 09:00:00,US-East,0.9548096884876381,44.642354959011826,66.5726449571598,0.9849835288091963,49183.2900637285
2026-07-24 10:00:00,US-East,0.9300369240846501,36.671460812578665,51.80415776127552,0.9840834614073787,47814.11133160516
2026-07-24 11:00:00,US-East,0.9450296125475031,40.42849796164956,60.5271489354497,0.9897321365845076,50666.904857460344
2026-07-24 12:00:00,US-East,0.9338778192915452,42.51243974464778,62.32579464472256,0.9932910110306273,52083.62729467214
2026-07-24 13:00:00,US-East,0.9378622114882373,43.908300164203446,67.05298104125295,0.9901536187692215,49199.431754067205
2026-07-24 14:00:00,US-East,0.9668025910123984,44.90983182985025,65.25898041736046,0.9821025565131302,52559.96933945772
2026-07-24 15:00:00,US-East,0.9486133566565138,38.47831952055815,57.150781925408516,0.9852952697594446,46346.207940110464
2026-07-24 16:00:00,US-East,0.9841146345981693,48.928482470605125,67.58265480998297,0.9915260454876433,52220.682525438766
2026-07-24 17:00:00,US-East,0.9599601397103429,44.42064368242955,62.749068578387885,0.9856959275223041,48081.94576646208
2026-07-24 18:00:00,US-East,0.9619585060758581,46.22713589863375,66.38669645788191,0.992918528449918,49609.76124006014
2026-07-24 19:00:00,US-East,0.9490944693014988,43.63789667655558,61.94585506783797,0.9899328842859915,52831.43855692362
2026-07-24 20:00:00,US-East,0.9562238662873566,45.966862528285255,64.77542449857731,0.9960332040808454,47472.922404894736
2026-07-24 21:00:00,US-East,0.9601333404419774,49.07694318210138,68.79913576940993,0.9903702219159198,48833.38968493975
2026-07-24 22:00:00,US-East,0.944021054961419,44.797492324677314,63.99963414634849,0.9927173556371109,48560.02813680171
2026-07-24 23:00:00,US-East,0.9373944052156372,52.40441090362937,71.65606826759327,0.9902099189969354,51818.372862271026
2026-07-25 00:00:00,US-East,0.9447386740634585,51.10253209506649,69.80392103933184,0.9845807906269795,48247.31666457878
2026-07-25 01:00:00,US-East,0.9498129830653803,46.66068535346062,68.69539652384289,0.9890065800870802,48498.64181858095
2026-07-25 02:00:00,US-East,0.9617461971429181,46.76526473508306,68.12748656882891,0.9925402185390709,47876.66099698358
2026-07-25 03:00:00,US-East,0.9575833989536604,46.356583914658195,65.17863663957473,0.9847101900649973,48651.44713757904
2026-07-25 04:00:00,US-East,0.9380708221177065,58.30116430555148,74.93602915088525,0.9925027978666432,51428.19880413071
2026-07-25 05:00:00,US-East,0.9850421895828185,53.44628372043846,73.1431971022515,0.9957621918137134,54411.89333855923
2026-07-25 06:00:00,US-East,0.9558390778778345,39.58556143956153,58.69258843800278,0.9913852480943728,50456.914440239416
2026-07-25 07:00:00,US-East,0.9221874732300281,52.56327664203576,71.51881757878417,0.9893964088267826,47650.438125922024
2026-07-25 08:00:00,US-East,0.9554094381098291,42.90564145585388,66.51280063213164,0.9960906659538777,50586.3225343589
2026-07-25 09:00:00,US-East,0.9542382841996353,47.10104926068412,65.61676727960334,0.9819166118501947,52851.51314625408
2026-07-25 10:00:00,US-East,0.9725079507122202,46.219120351479795,62.485946882739185,0.9865988277883905,48920.43542290997
2026-07-25 11:00:00,US-East,0.9299261728362079,39.96206610412988,56.15339714972728,0.9946227785610421,49967.131235610694
2026-07-25 12:00:00,US-East,0.9489844688600235,50.25317232295432,67.79037631503775,0.9810847231704574,52643.062733586994
2026-07-25 13:00:00,US-East,0.9538920249634937,52.56094408420605,69.82892318477002,0.9922770322950591,47302.05699043129
2026-07-25 14:00:00,US-East,0.9683602914117758,45.00842407936501,64.56539171811674,0.9799115130962107,49079.73996542499
2026-07-25 15:00:00,US-East,0.9383966646088037,44.576451266550464,64.47539278622807,0.9884180793556033,52302.419461782505
2026-07-25 16:00:00,US-East,0.917846400909066,48.326818257862115,73.00080203035,0.9969257361091421,49995.59524165234
2026-07-25 17:00:00,US-East,0.9458875700461035,46.47092509494785,65.26217678654146,0.9981059585756272,50574.91160864949
2026-07-25 18:00:00,US-East,0.9381875512780732,45.19478298547866,63.772312559844295,0.9996957978260846,50509.322977710515
2026-07-25 19:00:00,US-East,0.9423989972530623,46.33421201698772,66.73117289299388,0.9904955350435837,50914.38057045368
2026-07-25 20:00:00,US-East,0.9753760504625906,49.87264699631647,69.40959293629854,0.9885480391672993,45858.24347643573
2026-07-25 21:00:00,US-East,0.9225126100242375,50.34637472750817,75.2216043800853,0.9927491326353909,51164.394269914745
2026-07-25 22:00:00,US-East,0.9526431249018751,48.168612336495364,64.16663260668507,0.9877034285164871,50421.84104829831
2026-07-25 23:00:00,US-East,0.9601994778978247,42.75478453402883,61.06321657503766,0.9899726702862013,48144.59072284239
2026-07-26 00:00:00,US-East,0.9524589885818968,44.324578078594335,62.11036214500306,0.9960909509372657,50957.61263907842
2026-07-26 01:00:00,US-East,0.9613174657394243,39.37791039741512,56.71987624241898,0.993770244527392,48656.8348830517
2026-07-26 02:00:00,US-East,0.9480427188921298,53.38377670133679,75.96316015921352,0.9934930231422505,46256.35752817691
2026-07-26 03:00:00,US-East,0.9436283877880037,41.686698143132475,59.91765206373505,0.988048342941245,50941.30519813599
2026-07-26 04:00:00,US-East,0.9344720285485699,48.135869811262204,69.09116207203326,0.9825637761180732,51633.83153279873
2026-07-26 05:00:00,US-East,0.9560354205099489,42.51131842094566,63.18268615944552,0.9913236627226991,49405.44077069158
2026-07-26 06:00:00,US-East,0.9573204812807122,40.51620076519904,62.931635987016946,0.9959648759452832,50231.789820824684
2026-07-26 07:00:00,US-East,0.9421706505520686,43.6602202464678,64.15328742636032,0.9887049237644102,49363.00786855843
2026-07-26 08:00:00,US-East,0.9702766343952408,45.10277420427224,63.959001110738036,0.9981865098369233,50478.215602201235
2026-07-26 09:00:00,US-East,0.9610786988676273,44.57615176996876,66.1970603680135,0.9928919678670604,48462.57540305801
2026-07-26 10:00:00,US-East,0.9594878248030151,45.34255368007454,61.947617338901765,0.985525646958335,49203.11041375513
2026-07-26 11:00:00,US-East,0.9428373842100513,47.116553887983116,70.29858609996248,0.9931478170659684,47401.139622495284
2026-07-26 12:00:00,US-East,0.9498701634993858,46.16016279283546,64.58319840593433,0.9849283834897031,51348.40062914738
2026-07-26 13:00:00,US-East,0.9782036016209179,48.329289593518226,70.7649026534789,0.990468963935669,49504.083772782506
2026-07-26 14:00:00,US-East,0.951662272784021,43.36309522722486,65.65476634781906,0.995328227398567,50245.55540473073
2026-07-26 15:00:00,US-East,0.9369753572497185,46.04119454188094,63.48180859811495,0.9888442619736669,50070.47935724551
2026-07-26 16:00:00,US-East,0.9661869868273985,42.00796069866699,57.72018906105072,0.9840618505339243,53594.91777744972
2026-07-26 17:00:00,US-East,0.9698761493191967,29.709693623739405,50.6460371234936,0.9851173860972513,45941.19878950927
2026-07-26 18:00:00,US-East,0.9729695013122743,40.9737082030766,60.93575902669728,1.0,51583.318370565634
2026-07-26 19:00:00,US-East,1.0,45.684430936437685,62.85200435088784,0.9824822238693396,50574.45577677342
2026-07-26 20:00:00,US-East,0.953709415641868,41.6040265113393,61.76392494009825,0.9868126690321662,49052.36554744658
2026-07-26 21:00:00,US-East,0.967773937501405,39.379188038266506,58.74184334895031,0.9978085475191537,50788.16070916429
2026-07-26 22:00:00,US-East,0.9530838546155839,41.58899560434584,62.54029031667708,0.9807970739259447,51912.79664089687
2026-07-26 23:00:00,US-East,0.944210874031397,41.5657294405387,59.818755194701744,0.9874228138985427,51224.58956728528
2026-07-27 00:00:00,US-East,0.9327879572958694,42.418068444728604,62.26479973303218,0.9858421356289581,47906.70402099245
2026-07-27 01:00:00,US-East,0.9400141971546817,50.41519048993767,69.17865756552055,0.9922749545730709,52849.88610642949
2026-07-27 02:00:00,US-East,0.9435006191991107,47.55951129124086,68.19672500436572,0.9851211620068792,51082.24056388026
2026-07-27 03:00:00,US-East,0.9457273390827605,49.41278469532502,70.11588870923325,0.9892834398994158,50167.87790140909
2026-07-27 04:00:00,US-East,0.9346787808710563,50.865114375397134,70.65821799889301,0.9955413195080843,48100.6788825726
2026-07-27 05:00:00,US-East,0.9364513477528574,45.71826104221375,67.6106524601814,0.9898665154422965,48651.63128445044
2026-07-27 06:00:00,US-East,0.9409879423621869,42.990675164302495,66.33687070271249,0.9819512938343721,51198.41859996197
2026-07-27 07:00:00,US-East,0.9405898417077633,37.32968551364682,58.388338397955465,0.9983058934015362,52519.29452674052
2026-07-27 08:00:00,US-East,0.9241485960773158,41.89888683287912,65.42472141465575,0.9919743779759379,52881.344938842005
2026-07-27 09:00:00,US-East,0.9379757227057066,50.508823477023576,75.67922938099275,0.9892773143478242,48639.1251910588
2026-07-27 10:00:00,US-East,0.9293920848266191,35.521604179492456,54.894071735905484,0.9908581356018433,46859.913586720904
2026-07-27 11:00:00,US-East,0.9624338462806605,48.579190161855855,68.17076126713019,0.9952240267309735,52432.47141755489
2026-07-27 12:00:00,US-East,0.9357716628124709,38.022224988680165,57.37293009274356,0.9965144004149377,51472.24950211643
2026-07-27 13:00:00,US-East,0.970269511950676,55.59826019833441,77.0627896733783,0.9943158205221742,52817.36881069719
2026-07-27 14:00:00,US-East,0.9465526771653493,42.09897031741005,61.00202701981391,0.9904388554014018,48669.90920130843
2026-07-27 15:00:00,US-East,0.9716471658378618,44.47366885380964,67.14585125629873,0.9959063103541096,49463.50102546928
2026-07-27 16:00:00,US-East,0.9620306808585498,45.26290480101748,61.82874658838839,0.9936506505321077,48212.50228023938
2026-07-27 17:00:00,US-East,0.9606005731381198,41.54423312914615,63.53044709124065,0.9881987313553171,50195.95495533189
2026-07-27 18:00:00,US-East,0.956629617513849,40.60163018963404,58.572424539172566,0.9858820471685076,49552.74041576589
2026-07-27 19:00:00,US-East,0.9464949506706997,51.01681931997208,71.6808152881808,0.9870227901593516,52883.83852753714
2026-07-27 20:00:00,US-East,0.9244395108949,44.1953114425668,65.96326196056869,0.9906879211512004,47867.392615790865
2026-07-27 21:00:00,US-East,0.9197336238163656,46.90044994932124,67.9092447708561,0.9982600611897828,47644.33584975985
2026-07-27 22:00:00,US-East,0.9473069858474321,48.05956884511327,72.01065986733062,0.989655624888773,47407.86433337834
2026-07-27 23:00:00,US-East,0.9649264580747928,41.691353461763725,62.389506831585166,0.9928598065838582,50964.107433005796
2026-07-28 00:00:00,US-East,0.9501665284218461,42.37147936990888,61.275973515730314,0.9811318543740067,50002.640434427485
2026-07-28 01:00:00,US-East,0.9168647428763108,43.87044735852977,65.08424255416233,0.9963142359797514,49047.49810165267
2026-07-28 02:00:00,US-East,0.9659461224816067,47.68961642354833,66.58408523881653,0.991558469449113,52328.91901417472
2026-07-28 03:00:00,US-East,0.9339954567218998,48.97837119021704,69.21851988262154,0.9874980540928328,50538.64407771139
2026-07-28 04:00:00,US-East,0.9718694613550077,48.580389693080434,70.29551710697831,0.997205166841871,48656.22302345028
2026-07-28 05:00:00,US-East,0.9349423057645349,50.86616216586341,68.64682760934163,0.9918229790779152,50473.485676957935
2026-07-28 06:00:00,US-East,0.9775420068471492,49.41117917920291,67.14977267067997,0.995158730752968,49424.43092600041
2026-07-28 07:00:00,US-East,0.9458883855236465,49.7281665663775,71.52175910314838,0.9900928495973524,50637.48509773323
2026-07-28 08:00:00,US-East,0.9391911437156484,39.99580337679041,58.41763014751698,0.9893495054961575,46280.07181695222
2026-07-28 09:00:00,US-East,0.9769512393644444,47.084913634601335,64.15415552799561,0.9897926548593449,49972.29646307758
2026-07-28 10:00:00,US-East,0.9454921386580243,51.51623675187432,72.59830135117986,0.9821970351401581,52039.20410277119
2026-07-28 11:00:00,US-East,0.9428016669509185,40.10137638412109,62.52640610871612,0.9851986221859,51683.61565331042
2026-07-28 12:00:00,US-East,0.9632929642037109,40.94870530032124,65.10932014039635,0.9796781596632944,50740.9210463811
2026-07-28 13:00:00,US-East,0.9839226225350546,46.46447694166581,64.44835789340321,0.9963866346367563,46243.2979615857
2026-07-28 14:00:00,US-East,0.9399633826963817,45.31089345320436,66.2544823666446,0.983955969576737,50909.66664390073
2026-07-28 15:00:00,US-East,0.9495947288925739,39.88805034148974,62.41900220493212,0.9934723132784805,52328.978314219596
2026-07-28 16:00:00,US-East,0.9304811702305935,48.45518698596055,68.29958822436357,0.9798749398489934,48127.78150724425
2026-07-28 17:00:00,US-East,0.9167300697774803,43.31880567455929,60.648076732471395,0.9873338246255436,48963.7760704301
2026-07-28 18:00:00,US-East,0.907976471149254,45.24940148001028,66.78299526077696,0.9921568886423707,52311.314614028626
2026-07-28 19:00:00,US-East,0.9631410092278505,51.70121833344015,71.83338143732755,0.9913151188132835,50963.73770236248
2026-07-28 20:00:00,US-East,0.9407496589141163,44.73372486817712,63.156826803636164,0.9927415587019944,47742.87635083831
2026-07-28 21:00:00,US-East,0.9317505100115068,44.88809073098412,68.86921615733107,0.9904248659002219,54792.873455894594
2026-07-28 22:00:00,US-East,0.9461049434632671,57.77143354979925,77.58380269629679,0.9913038926723232,45437.44326006921
2026-07-28 23:00:00,US-East,0.9406612177587234,47.61209536143295,68.26207758398948,0.989294533232823,50662.723271387564
2026-07-29 00:00:00,US-East,0.9431014997441384,40.476696275076684,62.26863631482172,0.9976277823788847,46810.296839868795
2026-07-29 01:00:00,US-East,0.9634916417783644,42.88048981752284,61.18018426715162,0.9940642837883462,48204.66614228029
2026-07-29 02:00:00,US-East,0.9687426283073297,60.87288970473928,79.62844289353346,0.9978169573594383,48796.568628231405
2026-07-29 03:00:00,US-East,0.9700709827625,39.019699752073734,60.200902390327926,0.9837923196633324,53581.92358729435
2026-07-29 04:00:00,US-East,0.9283068800449443,39.65012667148657,61.3455330708106,0.9976875720735072,48642.5844460108
2026-07-29 05:00:00,US-East,0.952465185342249,38.32203103591391,54.73661340494816,0.9973796021681276,52385.674858567145
2026-07-29 06:00:00,US-East,0.9672717177138366,34.869270021556886,55.392651202113434,0.9909479306806777,49719.74298648542
2026-07-29 07:00:00,US-East,0.9268468223805424,44.22037237514584,62.9681555674113,0.9901649376535503,50684.430431905195
2026-07-29 08:00:00,US-East,0.925573885761502,44.09778720555309,64.804781006771,0.9891180572451154,48492.47305712475
2026-07-29 09:00:00,US-East,0.9277765989318508,36.01524805180873,53.78039980288415,0.9909190057045878,52636.794020015885
2026-07-29 10:00:00,US-East,0.9329115237522557,41.362433588631966,64.14215014260662,0.9874773466871455,52015.84848448075
2026-07-29 11:00:00,US-East,0.9456412050695218,54.745109029511696,72.44499762167808,0.9957850301782649,47162.61782964507
2026-07-29 12:00:00,US-East,0.9411614631293338,45.33277861435248,61.1488050182309,0.9887946582811452,51148.10241453735
2026-07-29 13:00:00,US-East,0.9518530246484997,48.065590070152304,71.65156785305598,0.9880790723906353,50601.87514670265
2026-07-29 14:00:00,US-East,0.9722699430636426,57.81619647267992,80.0249772609607,0.99191691212182,49677.98462823392
2026-07-29 15:00:00,US-East,0.9462551974229086,36.03567221646855,55.575848667492565,0.9970419493834503,47397.519859699125
2026-07-29 16:00:00,US-East,0.9334203655735394,49.43472777246973,66.8199453902931,0.9962361071016154,49345.94397578414
2026-07-29 17:00:00,US-East,0.9913658664087759,48.80092445778602,68.59194354819313,0.9973913517106494,50434.45455384016
2026-07-29 18:00:00,US-East,0.9551564522462032,42.66319307396692,62.91825826456473,0.9855545076138152,49794.67375926145
2026-07-29 19:00:00,US-East,0.963749812515643,50.186143068814204,73.06060753154898,0.9882614876737343,43457.79704744464
2026-07-29 20:00:00,US-East,0.9347366147107746,52.93541387340259,76.50198763428322,0.9841623277064264,50622.27186198292
2026-07-29 21:00:00,US-East,0.9142871174491187,47.70086373650692,69.13234410448018,0.9962903751174921,48480.41210885449
2026-07-29 22:00:00,US-East,0.9427875179615973,48.72046707184764,67.93001778229862,0.9930390529440688,50139.04850237267
2026-07-29 23:00:00,US-East,0.9436557228961739,45.51188669289663,66.2356810351851,0.9929191415523141,52651.364967638736
2026-07-30 00:00:00,US-East,0.9610921583725426,53.84618047283599,74.62962066368175,0.9911549927365052,49886.50393461962
2026-07-30 01:00:00,US-East,0.9604257123277584,40.30152410663722,61.321964966010114,0.9895750998657634,49621.84541660068
2026-07-30 02:00:00,US-East,0.9505046186689171,57.80379716438746,78.26970837184797,0.9911225256842501,48720.06420130477
2026-07-30 03:00:00,US-East,0.9610435753498743,36.84845179605881,60.87312307705503,0.9873142781667861,49273.483939603764
2026-07-30 04:00:00,US-East,0.9492534362434145,49.08306339756214,64.86231616468763,0.9819597583993672,46846.81123163534
2026-07-30 05:00:00,US-East,0.9711420911873575,46.4822956727714,65.05064846970616,0.9922163413587756,51494.519320270316
2026-07-30 06:00:00,US-East,0.973711952506257,45.40729600282968,70.0186536801166,0.9962162081748525,48344.18095163976
2026-07-30 07:00:00,US-East,0.9632304393689299,41.24176588005177,60.48708712889367,0.9958615003310092,47500.18401127075
2026-07-30 08:00:00,US-East,0.9611768926232919,37.729409185455026,60.23469013469521,0.993292606953035,48600.85204926047
2026-07-30 09:00:00,US-East,0.9541030359505439,48.69759369518308,68.99121817471413,0.991287993028248,46612.6361552087
2026-07-30 10:00:00,US-East,0.9614327414308312,43.309834075160204,64.3023049603204,1.0,48691.758932049
2026-07-30 11:00:00,US-East,0.9772451062327713,43.28662645210618,65.52303765353817,0.9935915920328814,51656.016724296314
2026-07-30 12:00:00,US-East,0.948833498662452,42.7764014979893,59.39779510134712,0.9835966750813544,46225.07388524949
2026-07-30 13:00:00,US-East,0.9525850846953346,48.356911394629506,64.79069160307017,0.9820673242983929,49124.1214965369
2026-07-30 14:00:00,US-East,0.9685021604383143,47.17089083239039,64.72735325402007,0.9975145619778664,49854.05484000406
2026-07-30 15:00:00,US-East,0.9484343963046614,40.7305215816847,60.02027380213911,0.9973957598493451,49425.21997220469
2026-07-30 16:00:00,US-East,0.9335422208419503,44.84118384585276,62.46852733163056,1.0,50277.31576395668
2026-07-30 17:00:00,US-East,0.9525877456613973,50.79468388880139,70.93542717175919,0.9951375281759265,53249.16944398847
2026-07-30 18:00:00,US-East,0.9485012714343856,51.1087452787891,69.3054097905252,1.0,48961.40238123524
2026-07-30 19:00:00,US-East,0.974687836919391,44.08303919816115,65.39311719440161,0.9823433717198327,47574.0246829039
2026-07-30 20:00:00,US-East,0.9324732247594768,45.205468438256084,65.62703481643109,0.9861229588667344,46149.74924457782
2026-07-30 21:00:00,US-East,0.9523171921464375,37.4250329398856,55.937443622833115,0.9832672168666301,46614.43780887219
2026-07-30 22:00:00,US-East,0.9479070971677658,44.953283012046754,65.47247958884287,0.9835757599894791,49100.34694951522
2026-07-30 23:00:00,US-East,0.9242954339656181,43.97499159065946,62.00107242242231,0.9927291121400067,50217.89745864424
2026-07-31 00:00:00,US-East,0.9497609899793583,52.79849416605984,69.44708383412456,0.9855962069157874,49388.537527260705
2026-07-31 01:00:00,US-East,0.9614845900171776,36.04631710019359,59.3250902529776,0.984500332633394,52264.580701812214
2026-07-31 02:00:00,US-East,0.9490337717309122,41.83072635445296,59.82430975419743,0.9954938911033051,54202.201189881
2026-07-31 03:00:00,US-East,0.9503803131603821,44.278710155765154,64.12869133731184,0.9888425270462736,51995.69204953591
2026-07-31 04:00:00,US-East,0.9761685597020229,39.79519430569912,61.11930162086897,0.9920409888623866,44982.85296482466
2026-07-31 05:00:00,US-East,0.9371010436966138,42.52652315973462,59.636199028097025,0.9865038715240575,50431.90955949457
2026-07-31 06:00:00,US-East,1.0,54.12765992561198,75.62471405751674,0.9873689081184297,51248.68377783273
2026-07-31 07:00:00,US-East,0.9419806613124126,46.10041114749854,65.95613532974266,0.9871338771753435,48967.40592143379
2026-07-31 08:00:00,US-East,0.9992353228468414,49.91868175256584,71.86833735884905,0.9993824258186106,50526.25896347261
2026-07-31 09:00:00,US-East,0.9991201516898556,48.15857409128564,69.4929061294497,0.995577948041208,50183.17751193503
2026-07-31 10:00:00,US-East,0.9483433648903622,50.8228127728874,72.09736793648588,0.9883467389635253,51517.39366508375
2026-07-31 11:00:00,US-East,0.9525963921726008,48.66142874435468,70.78289613710167,0.9906603198230834,48757.47058681906
2026-07-31 12:00:00,US-East,0.9400883951127247,50.95505600832854,70.44871058001746,0.9867322301914592,56594.6145607105
2026-07-31 13:00:00,US-East,0.9586406175190977,43.25005403959102,62.25066830505867,0.9867201885338124,48379.40426557764
2026-07-31 14:00:00,US-East,0.9253332725859119,46.485639992663664,65.02284783400236,0.98851517708243,46915.46666996175
2026-07-31 15:00:00,US-East,0.9441080607945866,41.99677844211996,61.01159560694349,0.9915581069209326,51870.5709867348
2026-07-31 16:00:00,US-East,0.9367141635667742,40.25190624693923,57.977705140692166,0.9942176205510639,48045.00286967868
2026-07-31 17:00:00,US-East,0.972191485612794,46.33989696561054,65.17010682195559,0.9831886444601475,47063.42319249683
2026-07-31 18:00:00,US-East,0.9284683265691566,42.08359915324224,61.01397830797775,0.9921241096744728,51314.39422443841
2026-07-31 19:00:00,US-East,0.9581602680513208,47.82015004707906,68.85496090365622,0.9920219327509707,50107.34346400682
2026-07-31 20:00:00,US-East,0.942686491223572,47.94624988826167,67.65968089395142,0.983555134983933,50774.031238984746
2026-07-31 21:00:00,US-East,0.9555239387546725,44.96178320196072,63.38761731034002,0.9891604247514275,52607.07999970797
2026-07-31 22:00:00,US-East,0.9677782800344172,52.324887583399985,72.96417967923703,0.9982501934418909,49214.53611295473
2026-07-31 23:00:00,US-East,0.9580814393855507,40.41460436485423,59.00351853037671,0.9990935371411668,51391.42782255715
2026-08-01 00:00:00,US-East,0.9405132535953151,54.39898696739522,77.60182690186059,0.9874410654065832,50616.25281528007
2026-08-01 01:00:00,US-East,0.9264690884133147,41.523081498000664,58.9690487792156,0.9871680714077773,51801.87420407709
2026-08-01 02:00:00,US-East,0.964805938723046,44.51880886624561,66.73332837698801,0.99394492432964,48389.66277322406
2026-08-01 03:00:00,US-East,0.9617967601572123,47.73535021054071,65.86135145542544,0.9949061858658671,52551.67305438134
2026-08-01 04:00:00,US-East,0.958285401261952,47.74378475009384,72.27657883540141,0.9926465550535052,50617.44708252759
2026-08-01 05:00:00,US-East,0.9470990284900699,49.034369602537424,72.91080804034165,0.983654721452208,48257.98349251929
2026-08-01 06:00:00,US-East,0.9510168096715246,42.09268998182653,60.699087670620614,0.992224648582499,51034.28066166243
2026-08-01 07:00:00,US-East,0.9516904042032214,42.90855328049609,62.799509417634084,0.9930285282160483,48873.56335065878
2026-08-01 08:00:00,US-East,0.9169995251586487,47.80410499417671,67.00553275020258,0.9936502078129346,49475.09161688645
2026-08-01 09:00:00,US-East,0.9674572139009858,48.09957992965423,68.11500545254789,0.9942330531828778,51342.09617143528
2026-08-01 10:00:00,US-East,0.951534344484694,46.17558280929633,65.35816273066021,0.9842257613760851,50859.11017005812
2026-08-01 11:00:00,US-East,0.9431461371308051,35.39455063333587,56.652444822503334,0.9869467437589999,47289.12222361038
2026-08-01 12:00:00,US-East,0.9305982035304949,45.088042527467806,59.974907245994174,0.9892426699140314,52298.136253474564
2026-08-01 13:00:00,US-East,0.9284593883534106,38.25984361494078,58.72335044744189,0.9835817817640431,49281.448844757295
2026-08-01 14:00:00,US-East,0.9589007097519704,51.41734286666252,72.7924702304445,0.9960815716336096,53380.87868857158
2026-08-01 15:00:00,US-East,0.9540634560879552,46.69309994507826,68.49310400420529,0.9913645468030708,52583.82242164092
2026-08-01 16:00:00,US-East,0.9460838699388585,38.48231344355912,53.89305884382077,0.9997224479337794,53632.50019894948
2026-08-01 17:00:00,US-East,0.9350488865198503,57.97472471003138,79.34180157074948,0.982142647710062,51129.122668803466
2026-08-01 18:00:00,US-East,0.9948123280870713,47.34026222057922,68.17656772578292,0.993620554815644,48065.88317895118
2026-08-01 19:00:00,US-East,0.8929982166328734,42.42423616747297,64.51685728807192,0.9885385644433924,50457.49773775954
2026-08-01 20:00:00,US-East,0.9312837137225178,44.42702191332775,64.9396363076561,0.9935990127400383,49507.45049399348
2026-08-01 21:00:00,US-East,0.9867040339325459,47.54056485765906,69.3593081329874,0.9906410988072339,52490.916673164735
2026-08-01 22:00:00,US-East,0.9545247913309189,38.985728855803046,58.58047565561499,0.9923012582489569,50447.41838549498
2026-08-01 23:00:00,US-East,0.9375214318465676,32.26041901293454,52.853101824616104,0.9846755992226529,51589.201795843626
2026-08-02 00:00:00,US-East,0.9387774809103132,46.71305998824789,69.76720707223528,0.9931373612245673,50256.73830395031
2026-08-02 01:00:00,US-East,0.9624923746098372,50.473578806370675,73.03632992148519,0.9949978874388495,50494.26451064963
2026-08-02 02:00:00,US-East,0.9460852352355235,47.41896302695727,65.16326569560744,0.9832561004754231,52341.395769825
2026-08-02 03:00:00,US-East,0.9125062006990914,47.161975710423896,67.76435934972238,0.9912457949798675,47900.10354920494
2026-08-02 04:00:00,US-East,0.9723901917139777,49.65618084672202,70.46329752137899,0.9870319930930922,48916.003548959314
2026-08-02 05:00:00,US-East,0.9321041455232337,43.763530848674925,62.81018739968548,0.9840049789517213,49398.219314199385
2026-08-02 06:00:00,US-East,0.9580580624059489,44.30783881997079,65.73912571086917,0.9839191488558051,51333.807445461905
2026-08-02 07:00:00,US-East,0.9359688805572148,46.70505123549033,65.33580817769669,0.9888881490677891,48770.40599340377
2026-08-02 08:00:00,US-East,0.9188873408436391,43.472513978090674,63.702302386655106,0.9905314776604746,49347.519320983454
2026-08-02 09:00:00,US-East,0.9651232144242201,40.046198529131644,60.07993589142827,0.9852524422970482,49229.946460286104
2026-08-02 10:00:00,US-East,0.926609033152511,51.97607712614343,71.36404606300361,0.9984214459372087,50522.25693423742
2026-08-02 11:00:00,US-East,0.9380164860464102,43.23239627717342,66.85448503207323,1.0,49840.56465814041
2026-08-02 12:00:00,US-East,0.920988288796795,34.7019659846956,55.626598345225986,0.9871212173454542,48057.91213145945
2026-08-02 13:00:00,US-East,0.917083764563234,53.6040988252617,68.13929051617168,0.993203920133539,46912.48320503436
2026-08-02 14:00:00,US-East,0.9404523936395701,53.10442280845079,72.00100922868523,0.9941355980306155,46930.6787446294
2026-08-02 15:00:00,US-East,0.9524970472695875,43.56410941462381,63.0572641214403,0.9936607201842446,49796.66452378701
2026-08-02 16:00:00,US-East,0.9391026383395273,37.09537681183483,56.263923866485825,0.9870280350336895,50008.31654019005
2026-08-02 17:00:00,US-East,0.9448674686155698,51.18936670435995,72.67936575234121,0.9902908112826426,47264.41875846585
2026-08-02 18:00:00,US-East,0.9432586473911723,39.606502058224336,61.9759983132682,0.9860537693895537,52779.427813134105
2026-08-02 19:00:00,US-East,0.9670577972147276,46.23583539276419,66.6799678939827,0.9940458397486562,47746.842856147174
2026-08-02 20:00:00,US-East,0.9686285607300866,47.221032330183974,68.0944792678311,0.9930460958255635,52674.06799854734
2026-08-02 21:00:00,US-East,0.9592879647271937,43.51524062944445,62.58776503629922,0.9866459735088063,51661.536529152494
2026-08-02 22:00:00,US-East,0.9320728661478443,49.841849436845614,70.97099505365115,0.9972545390201362,50454.215000938406
2026-08-02 23:00:00,US-East,0.9603345904198574,53.08849213657277,71.76461222548711,0.9825379640976851,49617.21804563216
2026-08-03 00:00:00,US-East,0.9935655057469094,40.76009718761752,62.13395510238851,0.9873793943404683,54226.828587651224
2026-08-03 01:00:00,US-East,0.9762967515897449,35.66681248160027,59.36873028042247,0.9886939208222255,51487.42400323023
2026-08-03 02:00:00,US-East,0.94259675285548,42.46448270642529,58.47509016568253,0.9960483392666291,50930.10576881855
2026-08-03 03:00:00,US-East,0.931821448376485,43.756789389853154,62.610099467473674,0.9850145534267909,50055.600592277326
2026-08-03 04:00:00,US-East,0.925777350498015,36.09044969343894,52.975107415851284,0.9927128175716301,47339.606384351246
2026-08-03 05:00:00,US-East,0.9726058806220512,42.35519215323359,62.68954012704667,0.9886158626294099,46261.5201237552
2026-08-03 06:00:00,US-East,0.9425765898528456,53.126266403050494,76.27534652902139,0.9949638213758812,48911.50391848155
2026-08-03 07:00:00,US-East,0.9297819809544106,41.19317576956393,63.55061117544192,0.9933266728433301,48143.25606389025
2026-08-03 08:00:00,US-East,0.950425466534427,48.507981810641844,71.8850862664855,0.9921391087862333,52050.4489231152
2026-08-03 09:00:00,US-East,0.9730652345784877,44.99811140247105,65.80946515401996,0.9804733881331691,53448.31021185728
2026-08-03 10:00:00,US-East,0.9140173510944415,50.094977689710994,74.1201209625458,0.9813401492524298,49938.541837922836
2026-08-03 11:00:00,US-East,0.975912920796212,44.45038419718093,62.5323728010723,0.9926175560358932,54477.872579139555
2026-08-03 12:00:00,US-East,0.9252789826346302,42.120527384858335,63.54873883724606,0.9835252239719641,48721.13070420488
2026-08-03 13:00:00,US-East,0.9662141113383654,47.63388146032957,69.71449724692734,0.9897823657348405,50732.418380209296
2026-08-03 14:00:00,US-East,0.9223663862156125,46.6563500676178,68.85426311235724,0.9892141060359972,48937.984636170746
2026-08-03 15:00:00,US-East,0.9335279924859136,49.7590743919369,68.50092256317002,0.9896891357099983,49733.60736046198
2026-08-03 16:00:00,US-East,0.9128903638015258,33.98366318080121,54.00060911257721,0.9983100317723379,49280.37401909781
2026-08-03 17:00:00,US-East,0.9452833336905763,39.65174022112543,63.06185734932062,0.9907646681658563,50163.826689519214
2026-08-03 18:00:00,US-East,0.9552728402488587,44.474597488202114,65.51364741029228,0.9823606123580324,52284.97969635527
2026-08-03 19:00:00,US-East,0.9326250029225674,48.2828694530735,70.02966463972426,0.9849475487934197,51842.9134149052
2026-08-03 20:00:00,US-East,0.9156823521796967,36.10229924384705,56.76102785594583,1.0,48877.68612560379
2026-08-03 21:00:00,US-East,0.9369365274919037,46.8120608398676,64.8419911840207,0.9948114921357682,47255.57744861173
2026-08-03 22:00:00,US-East,0.9707575543076631,48.29931318367293,69.20635006744187,0.987508653649704,49720.787368784506
2026-08-03 23:00:00,US-East,0.9552769924943909,44.46757090782001,65.00071411028563,0.9886951420311471,50044.308945870245
2026-08-04 00:00:00,US-East,0.9370188952814816,43.85468847459217,62.898342110942124,0.9877025318488402,50217.73068019507
2026-08-04 01:00:00,US-East,0.970807583545826,40.13835591380149,61.706232891655624,0.9957908669898065,50372.6883506236
2026-08-04 02:00:00,US-East,0.9740993849891199,56.18340115963286,77.18863228267597,0.9975124291177543,53566.13330166067
2026-08-04 03:00:00,US-East,0.9308776115929486,42.10337379902701,58.831147750233576,0.989148929601737,48635.45844203596
2026-08-04 04:00:00,US-East,0.9541459559619266,51.24238054427178,72.18814096615571,0.990830638023629,49877.82980024298
2026-08-04 05:00:00,US-East,0.907745139243424,43.40154200437411,63.77381903002323,0.9818635099166451,49095.07272872488
2026-08-04 06:00:00,US-East,0.9480282972416807,48.538194455337354,71.49974779890566,0.9876605201437962,50880.01495584758
2026-08-04 07:00:00,US-East,0.9362363015803775,42.84854929372828,60.19310649129467,0.9933368229037782,46877.86006370433
2026-08-04 08:00:00,US-East,0.9634825749672441,44.71430416509095,64.35681318407096,0.9810277654055612,51872.53058496943
2026-08-04 09:00:00,US-East,0.9307677795693506,44.364677931186534,62.508610416139355,0.9784824697533393,50794.95069140328
2026-08-04 10:00:00,US-East,0.9843917333267644,37.99797323114918,55.2649421743052,0.996676995843044,53054.70642095613
2026-08-04 11:00:00,US-East,0.9814966593670584,43.95040004952924,65.55100698750135,0.9923404803687725,48563.21061626328
2026-08-04 12:00:00,US-East,0.953170524892134,44.29384781952867,66.86950280988522,0.9921164987658286,52013.90411123643
2026-08-04 13:00:00,US-East,0.9245211006580049,42.02782820623407,62.02912285311655,0.9872305789397487,49262.64228082748
2026-08-04 14:00:00,US-East,0.9376815845160493,50.83431109194188,72.1064294988625,0.9935657364209514,49786.81812260012
2026-08-04 15:00:00,US-East,0.947784637556131,54.827144470645045,78.63613169450056,0.9900438330634282,48142.36035748889
2026-08-04 16:00:00,US-East,0.9859181448063005,45.4493302194115,64.61696532863562,0.9896539591566949,47481.01063007177
2026-08-04 17:00:00,US-East,0.9664195558446248,42.21046176047274,61.072134494420794,0.9976438625666443,48415.698325465615
2026-08-04 18:00:00,US-East,0.9417554226430737,44.95380540129843,64.22938380469252,0.9883361548151023,49229.89314641913
2026-08-04 19:00:00,US-East,0.9430703299830938,48.23130303606392,66.66760494524729,0.987469886871636,48746.71629300366
2026-08-04 20:00:00,US-East,0.9411314064317553,38.88481582758715,59.855863249920915,0.9882593245863381,50845.01195099569
2026-08-04 21:00:00,US-East,0.9567804431181813,44.174040870463685,65.60409940899538,0.9815930042194329,48861.89248913275
2026-08-04 22:00:00,US-East,0.908347967163739,39.775738236340764,60.77138104269322,0.9903980542786912,49479.43773909146
2026-08-04 23:00:00,US-East,0.9598049892687327,48.54371816571092,70.14933622076404,0.9914310915570167,51555.101917424356
2026-08-05 00:00:00,US-East,0.938526365378869,47.62057395934226,67.59499303210993,0.9862930825977562,51295.79334557602
2026-08-05 01:00:00,US-East,0.9685836247505735,47.19579560551354,68.91866288646321,0.9875362532738522,48287.929066966935
2026-08-05 02:00:00,US-East,0.9145388322669052,43.46149248827416,67.05348066870671,0.9874617491597363,51117.49500814052
2026-08-05 03:00:00,US-East,0.9311259484144713,44.080487470516275,66.02663527910026,0.9983939677113685,50217.11198544977
2026-08-05 04:00:00,US-East,0.9719790829521888,39.20714556346327,61.68469163868863,0.997378237868126,50967.24842812544
2026-08-05 05:00:00,US-East,0.9621443534938541,36.72696429102547,54.28551111194044,0.9937455597199776,51837.71947588656
2026-08-05 06:00:00,US-East,0.9518010545086342,53.39830931874634,74.80928885232657,0.984903193302306,48350.99169378142
2026-08-05 07:00:00,US-East,0.9494913353260137,44.15647690967955,64.08746514826143,0.992199337368302,48132.29906599039
2026-08-05 08:00:00,US-East,0.9549093108242239,47.06701722457166,67.32049632311183,0.9939335880267229,47482.44288879163
2026-08-05 09:00:00,US-East,0.9371684100589187,54.0073423497344,75.34901223807678,0.9814675608080018,47083.11752892205
2026-08-05 10:00:00,US-East,0.9735218943919262,52.556758617777064,68.28538841938419,0.985175024057141,49217.120541906545
2026-08-05 11:00:00,US-East,0.9182975646041672,45.08923300969926,64.14461532713574,0.9862632383354699,49967.956309291294
2026-08-05 12:00:00,US-East,0.9579603835993479,50.45629390220079,71.95834166802128,0.9942920384184137,49511.80447719805
2026-08-05 13:00:00,US-East,0.9441455967168537,43.78098840617352,64.79797811783473,0.9839152295520801,46978.345376427395
2026-08-05 14:00:00,US-East,0.925816123137581,46.935147241041875,64.4215274282728,0.9885996328720681,52179.03760293371
2026-08-05 15:00:00,US-East,0.9635034706617386,45.06423902477415,67.10567121020902,0.9815719217226954,47454.48768524115
2026-08-05 16:00:00,US-East,0.9222083806512306,41.25796429768718,57.153673162634135,0.9969516152960861,48320.02779662668
2026-08-05 17:00:00,US-East,0.9291455226387808,41.71110170015679,60.64759394916781,0.9825114714886161,50365.57766572649
2026-08-05 18:00:00,US-East,0.9343923901344957,37.39828804079312,57.66191225423726,0.9843715430964112,49394.88428125449
2026-08-05 19:00:00,US-East,0.9398808842641918,44.892501841076715,63.12775623074793,0.9913360647794836,48903.556077763766
2026-08-05 20:00:00,US-East,0.9199732289674855,46.0899897269613,66.46745700608153,0.9863843442263909,49654.68321022311
2026-08-05 21:00:00,US-East,0.9496410214198364,32.570033142980414,55.4444359214851,0.9883492202035696,48118.66883334127
2026-08-05 22:00:00,US-East,0.9554014918190112,41.27847284501716,61.062336798086776,0.9891838249424221,50782.78871082078
2026-08-05 23:00:00,US-East,0.9261499079485407,41.44154990595635,63.07428767039184,0.9886474393503409,49391.07808810512
2026-08-06 00:00:00,US-East,0.9855718469600874,45.2742837726478,68.0575952682369,0.9902294586036159,50495.006696936
2026-08-06 01:00:00,US-East,0.9456199827998528,54.834051961722224,74.28093412262488,0.9918985675517074,48772.47052051585
2026-08-06 02:00:00,US-East,0.9310112513318375,42.09931416149175,59.17805453891589,0.9880420049245554,49881.73892975952
2026-08-06 03:00:00,US-East,0.9325125405918002,42.86806236958156,63.777043590065134,0.9802605393661827,48993.19628505442
2026-08-06 04:00:00,US-East,0.9638184942512327,44.294590038392414,67.46077947449133,0.9908633272497063,50387.24621530898
2026-08-06 05:00:00,US-East,0.9731028106043839,42.4979557950779,63.117749796998275,0.983846234912811,49233.55500087191
2026-08-06 06:00:00,US-East,0.9681568869543458,50.69621177847479,69.63396615661819,0.9917656343555714,48557.0831055021
2026-08-06 07:00:00,US-East,0.9573592654250489,38.267238239337885,55.85720961157257,0.987628224237905,49330.85068752366
2026-08-06 08:00:00,US-East,0.9408348889438808,45.1007651628175,62.88552120839833,0.983400570514007,51139.94994769141
2026-08-06 09:00:00,US-East,0.974050892764355,50.28326321121914,69.45759033749317,0.9990307872972302,54787.91028258325
2026-08-06 10:00:00,US-East,0.9605449954934913,51.70536278824923,69.2295114261631,0.9826041249718132,54609.3768173524
2026-08-06 11:00:00,US-East,0.9565265067574803,45.49352569251724,63.67397765742197,0.9947015711155911,54352.91055153422
2026-08-06 12:00:00,US-East,0.958573033956099,43.243697856569575,60.523446628397366,0.9826614458261539,52631.01784299121
2026-08-06 13:00:00,US-East,0.9286021268992318,44.90971774586495,67.50889859730209,0.988816892017215,51811.28885165221
2026-08-06 14:00:00,US-East,0.969092198392298,46.01806663580202,67.82648894399676,0.9916232676044527,47273.26350050837
2026-08-06 15:00:00,US-East,0.9406184293097682,44.70502102936271,60.66132620513153,0.9971700208736822,50342.88163212952
2026-08-06 16:00:00,US-East,0.9768618817519232,54.69394889634805,73.27388397984146,0.994465066360798,51480.72528357096
2026-08-06 17:00:00,US-East,0.9930138254497358,40.98296995228555,65.33806639799931,0.9883159877108082,50774.367544703106
2026-08-06 18:00:00,US-East,0.9497970725713616,37.73124950065918,59.50453113441385,0.9876906577426934,49479.39027075793
2026-08-06 19:00:00,US-East,0.9556950591844386,40.28963724824327,57.69602568879559,0.9943968521100378,49920.52380573886
2026-08-06 20:00:00,US-East,0.9586980860340482,48.56718710905852,70.00347147361364,0.9851858950585942,53176.65468770658
2026-08-06 21:00:00,US-East,0.9518584129694113,50.761195673527226,70.93155135068888,0.9874384040102102,48974.21568192889
2026-08-06 22:00:00,US-East,0.9447522571602962,49.03727356551822,66.9608785598702,0.9941738352045514,50947.63035821977
2026-08-06 23:00:00,US-East,0.9541769986838673,41.90536532821616,60.5121421951153,0.9937860212671246,49892.30478686021
2026-08-07 00:00:00,US-East,0.9216526259461228,48.71402223748324,68.38082775533196,0.9917371972259457,50374.156484057974
2026-08-07 01:00:00,US-East,0.9375829534817208,48.11939456088902,67.85356586540028,0.9847055348590473,48811.64302209656
2026-08-07 02:00:00,US-East,0.9527726588302796,47.68262473874553,69.44379761984824,0.9942097104107006,46893.950141340676
2026-08-07 03:00:00,US-East,0.9844077403986417,49.80979136174934,67.86038597660766,0.9870295865565593,52639.73101870565
2026-08-07 04:00:00,US-East,0.9548997793721843,47.276079274265626,69.15931585964552,0.9971057736403188,50463.44976936668
2026-08-07 05:00:00,US-East,0.9496202235708127,51.488452636721235,68.78649688875487,0.9872833564848753,51415.53875279449
2026-08-07 06:00:00,US-East,0.9913848100587308,37.7467687165764,57.02446321042966,0.9824878409751435,51620.93815238229
2026-08-07 07:00:00,US-East,0.9425135446357183,48.30356226790596,69.1434418758173,0.9924334013370993,48955.19806691575
2026-08-07 08:00:00,US-East,0.9534220761524234,55.14273683381981,76.81708480760027,0.9886029108008535,50175.49008042479
2026-08-07 09:00:00,US-East,0.9334841683227327,54.650529935706246,70.94934366994914,0.9788073440589858,46508.10719271944
2026-08-07 10:00:00,US-East,0.946297521284486,55.18870976935846,74.86810700916897,0.9907397336062485,49529.925941402646
2026-08-07 11:00:00,US-East,0.9236408282931736,36.64125522275543,57.92411926540566,0.9908981793252943,48933.265454987966
2026-08-07 12:00:00,US-East,0.8970420031286644,52.95378047515843,72.28339894303586,0.9858906649847725,49909.84827229866
2026-08-07 13:00:00,US-East,0.9433245896918152,45.6794186555161,69.16853048761676,0.9862067488396806,49777.49338356743
2026-08-07 14:00:00,US-East,0.8998247736405249,44.5906159984002,66.84242398248847,0.9854558541565707,48501.130101974144
2026-08-07 15:00:00,US-East,0.9616924434981238,41.28628678255973,59.64764450873352,0.988104948800091,49634.2712923938
2026-08-07 16:00:00,US-East,0.928211084559878,38.75107169355209,56.4132103350031,0.997727303568355,52796.49437524552
2026-08-07 17:00:00,US-East,0.9878851007630899,43.55700546572208,63.9087776898577,0.9904155078498194,50358.58255035068
2026-08-07 18:00:00,US-East,0.95151834723421,51.95785423795664,72.68155225382952,0.9896584511147912,48758.84211533792
2026-08-07 19:00:00,US-East,0.9358596289943241,42.084079480969905,60.341386023567566,0.9950923745639049,53045.1822468358
2026-08-07 20:00:00,US-East,0.9377540918418007,45.38837338135775,67.97367000758013,0.990717009925583,55012.486837718985
2026-08-07 21:00:00,US-East,0.9482474056397456,44.38504798285664,63.95654719529802,0.9897439522882989,48636.98531610031
2026-08-07 22:00:00,US-East,0.9625945775658732,41.188562073398515,60.8227707074019,0.9878920490394733,51094.47604646076
2026-08-07 23:00:00,US-East,0.9445229595329815,44.88213999631268,69.4148348608224,0.9885848252953711,50257.95657019412
2026-08-08 00:00:00,US-East,0.9298606259753202,34.47484877062559,53.081662424144056,0.9909528342984607,48874.526569567206
2026-08-08 01:00:00,US-East,0.935153327405972,54.72958224480435,71.9726242724083,0.9889698701322829,51009.599720793965
2026-08-08 02:00:00,US-East,0.9692091300540782,42.28729541950515,61.56359920822047,0.9890395002624182,45858.919075676946
2026-08-08 03:00:00,US-East,0.9550825254699896,31.690036042542005,52.82017461124305,0.9886020920474791,48877.78198486249
2026-08-08 04:00:00,US-East,0.9483226798291705,41.52700866602508,60.11704026644742,0.9924335236328293,49641.10770699885
2026-08-08 05:00:00,US-East,0.9769768282733553,47.1416298168228,65.56644034356007,0.993375248996984,48090.601227819345
2026-08-08 06:00:00,US-East,0.9385121637772655,50.49725643755024,72.81600915033273,0.9923312395424617,54022.269359570375
2026-08-08 07:00:00,US-East,0.9884637750296041,44.220705981801984,64.58676216750641,0.9902813687206363,49951.040791189174
2026-08-08 08:00:00,US-East,0.9698360112221207,45.74711743793639,63.76181118071737,0.997802417842471,50629.258994924705
2026-08-08 09:00:00,US-East,0.9791300696513027,41.800430148583374,62.36868451815141,0.9897034479460806,49384.63987142383
2026-08-08 10:00:00,US-East,0.9578736205265105,37.78808038506219,58.436330403804206,0.9848832176539729,45624.272072371255
2026-08-08 11:00:00,US-East,0.9503015034566334,42.75023693055632,63.37087865121987,0.9883225328808085,50563.07899282618
2026-08-08 12:00:00,US-East,0.9199354490421747,49.743201556331925,72.87422878020509,0.9864146742704585,50486.93063725372
2026-08-08 13:00:00,US-East,0.9447426855985295,41.04582696565744,61.71396487452074,0.997889223927635,51048.95747565834
2026-08-08 14:00:00,US-East,0.9559341740506114,41.69049803542608,62.8518139223504,0.9955501050801995,50702.87965798066
2026-08-08 15:00:00,US-East,0.9354701940990656,42.40226144880168,62.38729731091556,0.9949124329951511,49221.13779035431
2026-08-08 16:00:00,US-East,0.9456310187504622,45.03901332125869,65.73757813605471,0.9910033835498625,49479.88086669353
2026-08-08 17:00:00,US-East,0.9367477068420608,41.63493247071234,62.29556948187429,0.9947998109524065,51689.01506491767
2026-08-08 18:00:00,US-East,0.9629899932028472,48.91841997057751,66.70107522346731,0.9918307294702502,49153.132783518675
2026-08-08 19:00:00,US-East,0.947592985802847,49.91645684145615,71.13864888442794,0.9865867200567651,54372.41526967521
2026-08-08 20:00:00,US-East,0.951180742838199,58.81339791120348,79.54565231202488,0.9884870575561922,52813.82904625372
2026-08-08 21:00:00,US-East,0.9464543890743481,44.69412037464713,62.894737839822604,0.9917347645002728,49289.07460451013
2026-08-08 22:00:00,US-East,0.9711240094883233,49.86024080819081,70.89021161851852,0.9864612713304622,47916.65932019616
2026-08-08 23:00:00,US-East,0.9559011232076721,42.33637166126405,62.294413959199304,0.9844744095891442,51578.41972872265
2026-08-09 00:00:00,US-East,0.9618559145651904,46.97576786638863,66.67198928818947,0.9941218012165856,52583.28516154498
2026-08-09 01:00:00,US-East,0.9439507843318263,44.664320207178534,68.83008979998819,0.9907030839269484,50011.474721661354
2026-08-09 02:00:00,US-East,0.9462313784859008,35.397068414831544,54.374764749629485,0.991934887827478,50571.94234302768
2026-08-09 03:00:00,US-East,0.963152299738799,48.798486793976124,66.34898131513259,0.9881881787754255,50474.30919346072
2026-08-09 04:00:00,US-East,0.9633901685892582,51.42476762491301,70.30011163685344,0.9830326335663648,45129.09366878788
2026-08-09 05:00:00,US-East,0.9512352126864199,48.401992954555,67.24403209681768,0.9914837367745186,48186.370515199844
2026-08-09 06:00:00,US-East,0.9784947826102977,47.97184878594727,67.68324167379504,0.9835459208825869,50089.23510403405
2026-08-09 07:00:00,US-East,0.9407902783286901,40.09669443792507,62.346073531857826,0.9944497473440305,48656.834821015735
2026-08-09 08:00:00,US-East,0.9521831847256435,42.68753369468838,62.406212098279624,0.9959248332149658,50105.92091152716
2026-08-09 09:00:00,US-East,0.9354127798301177,57.233717855345816,76.24546529134383,0.9955899451755316,52850.52566292736
2026-08-09 10:00:00,US-East,0.9502283386766819,44.78569454965737,64.25485866005984,0.9841839993562231,52538.97759410589
2026-08-09 11:00:00,US-East,0.946036081904781,44.262631271869715,60.46213422003875,0.9935983146115598,53079.77664918393
2026-08-09 12:00:00,US-East,0.9466171124159418,44.611641211295506,60.88394702528815,0.9896968645909198,48598.79862027803
2026-08-09 13:00:00,US-East,0.9615831878807017,41.642956901188455,61.3835659703284,0.9815020049452066,48558.253197712176
2026-08-09 14:00:00,US-East,0.9430196530787238,42.74771452962665,63.593419321717114,0.9943127619200857,49523.95223420923
2026-08-09 15:00:00,US-East,0.9676359849379161,46.65387411398208,66.54905195207431,0.9929675931470183,46320.22783047405
2026-08-09 16:00:00,US-East,0.9541315127164192,42.151184427776215,62.71481832607574,0.9863308420821743,49119.83949856002
2026-08-09 17:00:00,US-East,0.9805419590860899,47.304494505628206,66.86362069147098,0.9932468142682965,52177.05114056496
2026-08-09 18:00:00,US-East,0.9097527453498212,52.75569581730602,70.18062229222298,0.9916159916023979,42441.60113242849
2026-08-09 19:00:00,US-East,0.9589967510059036,48.28362267177335,68.1400642624688,0.9873649176679945,47846.11001415437
2026-08-09 20:00:00,US-East,0.9727841733455909,41.76186743953327,59.92233823677731,0.9945199483568221,49611.84077812376
2026-08-09 21:00:00,US-East,0.9986738852773528,41.33350035124538,59.169581925887485,0.9779218425580918,49313.720865498995
2026-08-09 22:00:00,US-East,0.941847562618581,49.84418390341484,70.54181826376609,0.9929227272912834,49885.11917103484
2026-08-09 23:00:00,US-East,0.910341783578443,49.387244914458364,70.43904014097807,0.988535173043611,45362.22036805612
2026-08-10 00:00:00,US-East,0.9790563106416207,48.40114216255806,69.92665961011448,0.9874999954048442,48724.483512561055
2026-08-10 01:00:00,US-East,0.9370757059852871,41.5948375374251,62.99402967011739,0.9820140081334944,47628.71057365054
2026-08-10 02:00:00,US-East,0.9329420852049468,51.46401355535648,71.95661838433077,0.986312695392427,47340.952003045975
2026-08-10 03:00:00,US-East,0.9600656054089977,44.328512102344355,67.66362213046186,0.989379602361207,47834.26412597955
2026-08-10 04:00:00,US-East,0.9664243741836728,45.86584071858466,66.06874780451382,0.980920074653249,51776.096026833104
2026-08-10 05:00:00,US-East,0.9658328966816331,48.69780086884903,70.21161977988378,0.9885375787135499,50610.46370585907
2026-08-10 06:00:00,US-East,0.9413498291028658,46.81302806622988,67.98241154802275,0.9904529778082608,50733.77971415028
2026-08-10 07:00:00,US-East,0.9750154845319313,47.93405617733134,67.28811603395116,0.986826031642218,47823.01210189368
2026-08-10 08:00:00,US-East,0.9686538993539419,47.46969906344209,67.55076119090603,0.9874164811314933,51029.6716591096
2026-08-10 09:00:00,US-East,0.977305088061961,42.75775070582402,62.81233187968719,0.9935419356342499,54558.09158158616
2026-08-10 10:00:00,US-East,0.947600658674491,39.44600811694806,59.220755622899276,0.9836826929952632,53608.13594359823
2026-08-10 11:00:00,US-East,0.9181084638598369,48.920106397392104,69.38893491788636,0.9863721000098169,49144.55528219137
2026-08-10 12:00:00,US-East,0.9429768578084387,57.07536996773659,74.86518903889583,0.9866292031586226,50095.28479196662
2026-08-10 13:00:00,US-East,0.9144716718013023,48.605702527683285,71.18487733909359,0.9919645062017085,52461.28051603183
2026-08-10 14:00:00,US-East,0.9370278435799397,49.4773187823128,67.43698933131652,0.9929761849908094,51428.66830309103
2026-08-10 15:00:00,US-East,0.9442228857589678,45.96039518965154,66.41900652447376,0.989751043008011,51579.37443721731
2026-08-10 16:00:00,US-East,0.9670088343536044,54.17262662192592,75.47960885348245,0.9907297357828486,53830.480238932745
2026-08-10 17:00:00,US-East,0.9224916077897158,36.14102443959514,58.4384167163614,0.991180762410277,50810.98792556749
2026-08-10 18:00:00,US-East,0.9338290352646655,46.316690390702284,67.95504852675619,0.986404563870704,51307.723951230684
2026-08-10 19:00:00,US-East,0.9754152441547403,46.36160584770104,67.45431933454483,0.9940860118821987,48722.79203951919
2026-08-10 20:00:00,US-East,0.9433101632613079,54.64535458680968,72.92631131133946,0.9945017654057494,51094.29378531074
2026-08-10 21:00:00,US-East,0.9261261463587938,45.83385128283424,62.11656425500586,0.9889668662841262,49125.59426662585
2026-08-10 22:00:00,US-East,0.929530109585475,48.068857584385775,66.53533060691623,0.9844051470195198,50386.33352260962
2026-08-10 23:00:00,US-East,0.9661212827501547,39.78133015546708,61.56505707995244,0.9983605356959022,55103.49437206589
2026-08-11 00:00:00,US-East,0.9663043271498524,45.28322537074339,65.05659708988898,0.9927097495248337,45379.2697141385
2026-08-11 01:00:00,US-East,0.9195451069711261,50.44997780344154,70.54614017460234,0.9967078743338881,51170.34455622469
2026-08-11 02:00:00,US-East,0.985098413311618,48.66951781444676,68.79003614646045,0.9887334107999421,47381.73909089026
2026-08-11 03:00:00,US-East,0.9615592566310577,38.18670899930152,56.98614168720471,0.9835136735436751,50877.03429398633
2026-08-11 04:00:00,US-East,0.9902184229835738,46.78513191264375,69.20087245572937,0.9923446506762033,51864.18008000709
2026-08-11 05:00:00,US-East,0.9613116937584123,43.82516849739626,61.104816856235246,0.9857092373071771,48575.81042214358
2026-08-11 06:00:00,US-East,0.9440950560364906,47.94873591261232,68.79356155088631,0.9921548332802353,47736.46453746735
2026-08-11 07:00:00,US-East,0.9294128582036881,40.92638364597087,61.9681102980019,0.9884182542791954,48289.99900034449
2026-08-11 08:00:00,US-East,0.9152228006284241,50.85368298530677,71.05532679011239,0.982725022862732,52029.4832468053
2026-08-11 09:00:00,US-East,0.9339906761569141,46.417558733373816,68.32936514373131,0.9967677632729772,49547.62713935151
2026-08-11 10:00:00,US-East,0.9605019376720351,46.16402896908665,66.54609289326847,0.9800228034430267,52799.33987898315
2026-08-11 11:00:00,US-East,0.948610609596582,44.73483507140644,65.68764353332837,0.9894208175574696,52280.09876332564
2026-08-11 12:00:00,US-East,0.921746374986237,49.32830996117234,67.23381382529692,0.9893811482824421,49341.94045552481
2026-08-11 13:00:00,US-East,0.9415975428423864,50.90028727894836,67.16229671780559,0.9884262000439845,50040.47751487342
2026-08-11 14:00:00,US-East,0.9702207242663559,30.796527436550704,49.5409522806808,0.9808858519645761,51303.45395543684
2026-08-11 15:00:00,US-East,0.9628392173386827,47.375494883888464,71.09146683976353,0.9817865811128457,51731.120842420954
2026-08-11 16:00:00,US-East,0.9437122044728993,45.440834678951354,63.94453390579136,0.986522731906087,49865.49386975561
2026-08-11 17:00:00,US-East,0.9585762726069231,35.18805683064405,55.60713531243698,0.9940847653669536,51280.9751278578
2026-08-11 18:00:00,US-East,0.9597190963948297,44.15601740695523,58.09507469302955,0.9877410255430289,49832.95223093671
2026-08-11 19:00:00,US-East,0.9487703167325593,45.47837291687274,67.20143141194482,0.98554775150207,48566.32122306112
2026-08-11 20:00:00,US-East,0.9579686309044595,42.39245796304288,64.43216661968927,0.9921035032658952,46891.77509513012
2026-08-11 21:00:00,US-East,0.9321581437692489,49.9613128900038,71.37996829500968,0.9863694070607429,49640.224799415526
2026-08-11 22:00:00,US-East,0.9713497591743115,43.29226670109896,59.419585346939925,0.9874028602878043,51847.105138163686
2026-08-11 23:00:00,US-East,0.9177574518255183,41.968479657107075,62.28731552870077,0.9841465770894964,49318.47269450266
2026-08-12 00:00:00,US-East,0.9328923057313661,42.42483582442216,61.20718673259395,0.9972704517094311,50964.52916643581
2026-08-12 01:00:00,US-East,0.9496358948650351,42.67471598692541,63.04757741058992,0.9842541496647793,50572.13934930839
2026-08-12 02:00:00,US-East,0.9478337315593048,46.471023211433135,63.13824797624891,0.9848663051375701,53126.93893934855
2026-08-12 03:00:00,US-East,0.9571648567360096,45.5246179886843,64.18395163627041,0.9891575816862007,51643.9074860884
2026-08-12 04:00:00,US-East,0.9325712932069269,40.72173024822249,61.659737625336646,0.9854488436082174,49591.5167451495
2026-08-12 05:00:00,US-East,0.9383076273869202,45.62642332020374,66.30455637427156,0.9904611605732755,51399.945763961616
2026-08-12 06:00:00,US-East,0.9432808447553785,45.05663334239805,69.01196823952586,0.9894556971834034,48641.08692722372
2026-08-12 07:00:00,US-East,0.8895574689582928,43.85139190336452,61.14255982630642,0.9923137686762512,48387.20201194189
2026-08-12 08:00:00,US-East,0.955732039350623,42.064683352866595,59.82981405555344,0.9891966637941044,47900.97882593802
2026-08-12 09:00:00,US-East,0.9322020011571471,47.05557837574241,68.39456388713982,0.9891363330137884,49028.38833554385
2026-08-12 10:00:00,US-East,0.9506794344583706,54.94607836446619,74.24143335655248,0.9884643659179374,48335.83450921198
2026-08-12 11:00:00,US-East,0.965998339622305,43.266838526371906,63.499557470130085,0.9914928844604265,48940.689378989024
2026-08-12 12:00:00,US-East,0.9520311755562681,43.43358972747142,63.46263717877788,0.9900788330686284,52005.164685051735
2026-08-12 13:00:00,US-East,0.9721603907932552,38.629414098829656,61.982915232659096,0.993269161548321,47154.06424408798
2026-08-12 14:00:00,US-East,0.9792049648360965,44.88798076143855,66.69091934306209,0.9867455355933686,50320.245725309025
2026-08-12 15:00:00,US-East,0.9206885879395572,49.15629939493109,68.18277093307414,0.994420262770607,50225.42946277334
2026-08-12 16:00:00,US-East,0.9570186984475367,47.36833835961479,65.01325687371414,0.9825220134645533,55078.09449136996
2026-08-12 17:00:00,US-East,0.9299917090136451,41.3070613580128,60.16310973902622,0.9988751628820549,48742.32367119157
2026-08-12 18:00:00,US-East,0.9528740907681336,40.6663951663241,61.15549880104717,0.9857962937584479,50102.69892363426
2026-08-12 19:00:00,US-East,0.9197655041445947,40.67239915368517,57.728012561558,0.9884389329339595,52480.61218713137
2026-08-12 20:00:00,US-East,0.9758655566170531,47.883932460813845,67.39679356868392,0.9864664199508602,47773.13844963601
2026-08-12 21:00:00,US-East,0.9200764793057038,47.81448690596589,70.12998951394002,1.0,48088.13730465179
2026-08-12 22:00:00,US-East,0.9388499027059093,37.57424151376374,56.87128112040405,0.9882844575094467,49425.02953396707
2026-08-12 23:00:00,US-East,0.9265407310545704,51.579076418905274,75.60616232699178,0.9842446694442626,48966.24110238484
2026-08-13 00:00:00,US-East,0.9381593983014996,45.08546148840787,69.16537715074742,0.9925466170762408,47515.612843298615
2026-08-13 01:00:00,US-East,0.9299105108057442,49.22431850028046,71.64994798969016,0.9915737721620852,52986.60241743412
2026-08-13 02:00:00,US-East,0.9910505368840913,46.66992796417945,66.29584426669281,0.9896537109572974,48614.39908761261
2026-08-13 03:00:00,US-East,0.9661184567602172,42.521043776685374,60.44928359078057,0.997080453541167,48337.749976086016
2026-08-13 04:00:00,US-East,0.9439076742771413,53.761111475207414,73.97028710856294,0.9921315481639131,53628.44863750749
2026-08-13 05:00:00,US-East,0.9611931783073807,37.28710678811448,57.981501501235904,0.9852952202093559,50274.862709855166
2026-08-13 06:00:00,US-East,0.924612023554747,51.17851963124434,68.48686235881557,0.9947856572431613,50620.06324374017
2026-08-13 07:00:00,US-East,0.9534117768632598,41.071127989451135,62.616399103768934,1.0,53002.563770826964
2026-08-13 08:00:00,US-East,0.9243784319517255,32.36603811923424,50.81440485732739,0.979492824972224,46262.491100915315
2026-08-13 09:00:00,US-East,0.9516274787017165,43.786757487511686,65.15150497328354,0.986594744150585,51504.961325630546
2026-08-13 10:00:00,US-East,0.9489176080275565,49.22002166081283,73.04000944787738,0.9920858260133917,47243.738113979685
2026-08-13 11:00:00,US-East,0.9642329317970348,36.90579369554492,58.29850420327435,0.9935409639040143,48450.15625909901
2026-08-13 12:00:00,US-East,0.9495045368516113,42.20285392202482,65.17831747455736,0.9878263563519074,49067.211649058045
2026-08-13 13:00:00,US-East,0.9414640540432807,43.748782993197395,66.44476888042766,0.9917448309706226,50289.83394821515
2026-08-13 14:00:00,US-East,0.9466948533938365,44.12786636405962,63.13520922168686,0.9863679074009847,47716.88259501792
2026-08-13 15:00:00,US-East,0.9846771960952492,46.293904094974295,63.98520604217606,0.9777782494182718,52951.810903805905
2026-08-13 16:00:00,US-East,0.9454103349890458,48.919938147165475,67.54398684064896,0.9870573418771348,49464.30825360963
2026-08-13 17:00:00,US-East,0.9705737661771253,40.92501998427766,59.89219841943392,0.9971007842439658,52817.314627481
2026-08-13 18:00:00,US-East,0.9393260738783508,47.515207655629084,68.30179122874986,0.9888044171873372,48664.40570100225
2026-08-13 19:00:00,US-East,0.9765160741291644,39.6138548472123,58.283024244354635,0.9932678498242908,49451.3571622811
2026-08-13 20:00:00,US-East,0.9501018351025391,47.82142405657432,69.43953021557124,0.9925976382551044,49096.327435134095
2026-08-13 21:00:00,US-East,0.976389500904028,45.222015675778714,67.4391456817965,0.9855752059048722,46988.493113925724
2026-08-13 22:00:00,US-East,0.953051786407418,47.23798187142574,68.23896544266307,0.9959311694100921,49086.86973863053
2026-08-13 23:00:00,US-East,0.9293599201281897,45.14455484756106,67.03874248736321,0.9897848514268581,51339.79272176637
2026-08-14 00:00:00,US-East,0.949498494810491,51.73646163228201,71.01563943849632,1.0,51287.305969920344
2026-08-14 01:00:00,US-East,0.9317463086404801,51.876888319052526,70.47763082276936,0.9911760973020326,51371.01014738102
2026-08-14 02:00:00,US-East,0.9490976758132218,69.38884270050528,88.89015373472601,0.9952324286659322,50149.810910442495
2026-08-14 03:00:00,US-East,0.93008660312439,38.176611875625454,57.63270164775612,0.985285509348551,51935.58545190775
2026-08-14 04:00:00,US-East,0.9502790544310469,43.14211535521698,60.64368043221935,0.9954223820464402,45080.60526256673
2026-08-14 05:00:00,US-East,0.9730802125654173,46.57457426393497,65.74477128321783,0.9932521745447532,48180.012296712346
2026-08-14 06:00:00,US-East,0.9453137539635769,56.59654165609008,79.39645690533081,0.9857196051808064,48117.7598108059
2026-08-14 07:00:00,US-East,0.9410529326027194,50.880693392479486,71.21413843856394,1.0,47163.52917607636
2026-08-14 08:00:00,US-East,0.946927105183717,49.809719504832586,70.56077235260786,0.9977001865770226,50087.061464386046
2026-08-14 09:00:00,US-East,0.9495481084948024,39.65923172505293,60.7053798248944,0.9966790180196666,51112.42199373192
2026-08-14 10:00:00,US-East,0.9095859269727027,43.528495273632274,67.57145454755585,0.9843466443323193,51021.05924374464
2026-08-14 11:00:00,US-East,0.9514348586859297,48.89071714121931,69.64714134426401,0.9812984759106341,52693.98395621949
2026-08-14 12:00:00,US-East,0.9752752993847646,47.142701747950944,66.62986384034122,0.9954328017664941,51301.70295303062
2026-08-14 13:00:00,US-East,0.9389119942698702,52.06125180147655,74.71661549087528,0.9911192873768837,47070.905351056295
2026-08-14 14:00:00,US-East,0.9099262027071096,55.079066300763,75.3016036325921,0.9932745461725412,48122.36015340552
2026-08-14 15:00:00,US-East,0.932754640422601,45.399637402410505,65.945936246166,0.9863455717308282,53451.491798948206
2026-08-14 16:00:00,US-East,0.9577309707774807,35.96181641897483,55.517576764935534,0.9959332858868328,51648.83055361442
2026-08-14 17:00:00,US-East,0.9830380170923629,46.18571798162322,65.64075867895275,0.9974912253404998,48831.34619467659
2026-08-14 18:00:00,US-East,0.9578396313767324,49.44880083397901,68.52712994728628,0.9814425811771204,50030.19686616748
2026-08-14 19:00:00,US-East,0.9812291567363328,44.58096313950478,65.1895062048006,0.9851642241660867,51294.546471090725
2026-08-14 20:00:00,US-East,0.9489130435666093,48.69223350984185,68.45088896538735,1.0,50007.86695312791
2026-08-14 21:00:00,US-East,0.9629651566996968,55.6159757969944,75.02849658566457,0.9846918830626513,51172.16628330422
2026-08-14 22:00:00,US-East,0.912211349968604,53.460846699420486,70.54425661558521,0.9894257341889127,47946.69412839617
2026-08-14 23:00:00,US-East,0.9799536239210022,43.03263263018776,61.147558742065335,0.9868070111020865,51389.48290961974
2026-08-15 00:00:00,US-East,0.9426522698281334,41.1643301756001,58.99326566569363,0.9798819503743309,46289.22925505565
2026-08-15 01:00:00,US-East,0.9676683880722946,35.656220815743985,58.403987199547046,0.9927062856734251,48178.34438822848
2026-08-15 02:00:00,US-East,0.9427623908697237,40.617190891927606,59.95833043262034,0.9855088583866563,49816.855552850146
2026-08-15 03:00:00,US-East,0.923941020909899,52.65192496146141,69.28191434873514,0.9827275921366607,54168.21781530125
2026-08-15 04:00:00,US-East,0.9290367989271142,54.82078016217528,72.35015179314746,0.989359655988658,48609.149421546215
2026-08-15 05:00:00,US-East,0.9577590939565755,44.4631728567013,64.8168649122963,0.9808382613882468,51556.486514156575
2026-08-15 06:00:00,US-East,0.9440442790492088,41.14360119337001,62.01096871698801,0.9949517430148842,50700.37542088873
2026-08-15 07:00:00,US-East,0.9701427238624699,40.243205151836015,58.62942866498089,0.9831610945388782,52404.14498041646
2026-08-15 08:00:00,US-East,0.9657456211873384,45.424915624647824,64.17926932046723,0.9875626571128938,52806.1014482999
2026-08-15 09:00:00,US-East,0.9374948382718606,46.66076155400625,67.28442446027894,0.9926982124739153,55238.246699312054
2026-08-15 10:00:00,US-East,0.629437580243196,428.3200045260377,491.1677821255682,0.7962093838660418,33653.49628510357
2026-08-15 11:00:00,US-East,0.6362136728953822,247.1579393586574,309.99237076551356,0.745570035171082,31676.645099868132
2026-08-15 12:00:00,US-East,0.5425410332695844,269.01713453521745,351.9779442522803,0.7532407357496327,33542.57722325204
2026-08-15 13:00:00,US-East,0.5369777956289772,349.75200728495474,411.3253219856808,0.8167078179558044,33840.65835568711
2026-08-15 14:00:00,US-East,0.577151830664028,355.76151111315534,413.2076928196634,0.7509160366144425,24101.63401818661
2026-08-15 15:00:00,US-East,0.48869361761765134,408.10385625235824,507.89247398050054,0.8269783601768695,28168.146953329004
2026-08-15 16:00:00,US-East,0.5471789618385394,266.8243687719433,358.1675229639045,0.8113382199440109,34433.25037950724
2026-08-15 17:00:00,US-East,0.47596716425442603,346.8686143728093,423.0256376421368,0.8357823128793811,23507.484167189876
2026-08-15 18:00:00,US-East,0.5103092361869095,376.62184068946027,457.1490489853818,0.7196121502028625,30113.027694854507
2026-08-15 19:00:00,US-East,0.5560186787002657,401.21600359549507,480.803155121437,0.8016939421485668,35474.02715762595
2026-08-15 20:00:00,US-East,0.5082203976349475,373.80735447610607,473.45028973192376,0.7521849137884075,32354.279147125242
2026-08-15 21:00:00,US-East,0.5550049604126603,316.9083068228673,399.282240736694,0.777254344020827,36556.6991742408
2026-08-15 22:00:00,US-East,0.5815511296966169,382.10187545953505,434.3776449394589,0.7728401372236625,25767.232549159515
2026-08-15 23:00:00,US-East,0.6460327959020378,305.2968096329405,366.7745061345616,0.7128995958236259,34466.37804424047
2026-08-16 00:00:00,US-East,0.5121351581716256,265.7835453870912,362.4726407448882,0.748372407265076,27921.700157907268
2026-08-16 01:00:00,US-East,0.5009803622992519,283.4590202020278,371.5727233669302,0.7675792350138481,30301.728038439203
2026-08-16 02:00:00,US-East,0.5900780038148341,284.6745832528674,365.55508757520954,0.7053874186341111,28602.34350424411
2026-08-16 03:00:00,US-East,0.5783522855615459,420.70739978413593,484.05896109167946,0.8366080282931478,29837.774126777113
2026-08-16 04:00:00,US-East,0.5496999654493246,415.1717819091738,477.0770684707845,0.8462896953787434,25999.50118221274
2026-08-16 05:00:00,US-East,0.5687127881554703,390.2994620848357,489.4087923510905,0.7572986324191914,32673.411413166843
2026-08-16 06:00:00,US-East,0.578149373404899,425.64519776997,496.8238196944296,0.8120284276425563,30158.013200457935
2026-08-16 07:00:00,US-East,0.6026887104083111,387.16163607178936,479.72872667889584,0.7467847969917554,31097.464809239973
2026-08-16 08:00:00,US-East,0.6500920667528525,297.68032946356936,358.5945917287861,0.7893452128598212,36871.43740419407
2026-08-16 09:00:00,US-East,0.5820004203934365,292.89393500132564,373.84816969971234,0.7888235354555956,27562.626440405
2026-08-16 10:00:00,US-East,0.4567566113715984,379.3820130619487,449.73901341429627,0.708214554623349,35076.986508570306
2026-08-16 11:00:00,US-East,0.9512359941738969,49.158269199345064,71.38257791363652,0.9861585052705377,49837.48881573032
2026-08-16 12:00:00,US-East,0.9427588293854909,36.91147247000767,54.8614528998787,0.9879915957924583,53406.774668820035
2026-08-16 13:00:00,US-East,0.9240088682319046,38.28938892418549,59.20761016597885,0.9944605029254909,52188.71323239654
2026-08-16 14:00:00,US-East,0.9510105210539961,42.50914595039187,62.33976508327805,0.9884088582112166,50267.21763935572
2026-08-16 15:00:00,US-East,0.9544610656046126,42.969593572527536,63.83532028537486,0.9920461467143132,52565.000108261615
2026-08-16 16:00:00,US-East,0.9490545074687969,46.85240749777455,64.24881008329702,0.9870579311249793,45800.63197778527
2026-08-16 17:00:00,US-East,0.9863240484573853,39.520411269979704,59.956050442147614,0.9913006666851146,48013.05382253413
2026-08-16 18:00:00,US-East,0.931427781930022,44.04912004840134,63.239343994280894,0.9821108426947017,52043.53334754922
2026-08-16 19:00:00,US-East,0.9202419519671183,52.419373655565316,72.47059749479101,0.9992215131795544,49398.65024097027
2026-08-16 20:00:00,US-East,0.9242539027101303,40.68711260964967,60.48908804865207,0.9978748901243225,45353.006503843724
2026-08-16 21:00:00,US-East,0.9253508444376826,46.97743653313579,67.0856936685426,1.0,49746.65945383825
2026-08-16 22:00:00,US-East,0.9614107105673809,41.317050793223956,60.8341737278342,0.9925971069179331,48690.8304966366
2026-08-16 23:00:00,US-East,0.9770159442491684,46.17725673231072,63.51002748341039,0.9946357352526163,52850.66629673283
2026-08-17 00:00:00,US-East,0.967179708319614,43.98029975853922,63.21667942371758,0.9841263987353067,46987.12766491984
2026-08-17 01:00:00,US-East,0.9418334411178085,44.27484616835908,62.5352020436225,0.9960439276298166,51375.16441891058
2026-08-17 02:00:00,US-East,0.9305419834214798,41.30889309134586,65.17194180179823,0.9950401575377558,52264.48008692487
2026-08-17 03:00:00,US-East,0.9685607998848017,53.82711529252009,70.74793628340319,0.9968737211209766,49332.36963865492
2026-08-17 04:00:00,US-East,0.949227784798915,42.20796178293371,62.92733733931121,0.9913558902152612,50954.49997638457
2026-08-17 05:00:00,US-East,0.9770637075256563,39.39844309861354,54.440562043636476,0.9875835955298937,46938.962719253715
2026-08-17 06:00:00,US-East,0.9461378534073074,40.666430631984575,61.738804058905416,0.9986547078628363,48269.149614634516
2026-08-17 07:00:00,US-East,0.9409966262558794,49.340680646462744,69.10445932405571,0.9833171397120106,48907.450179234605
2026-08-17 08:00:00,US-East,0.9625851068245133,43.736738443147544,65.37492471672371,1.0,48225.40873357607
2026-08-17 09:00:00,US-East,0.9690442824872099,44.81329073512454,63.945467220398434,0.9994666598646473,52100.530527122806
2026-08-17 10:00:00,US-East,0.9892253458206165,51.31055205273939,70.63894904574298,0.9950890215631267,50660.449843879185
2026-08-17 11:00:00,US-East,0.8929025143747448,44.876065729794135,65.29196868677977,0.9878181852418115,51549.89563705103
2026-08-17 12:00:00,US-East,0.9361838301491398,42.600289844828,59.65440030803148,0.9893364933132472,48469.56248809692
2026-08-17 13:00:00,US-East,0.9354480828200126,34.5111732282723,50.172626813176066,0.9847148792358548,49489.31749605619
2026-08-17 14:00:00,US-East,0.9483319333150936,39.60470554692203,57.058739516330924,0.9897699586511659,51473.92037031516
2026-08-17 15:00:00,US-East,0.9519602311251284,44.06827737392996,63.49367419728698,0.989452011630488,50223.59767666201
2026-08-17 16:00:00,US-East,0.9712702564649742,46.98987581441187,67.77529178056176,0.9921039979249935,48520.62530068648
2026-08-17 17:00:00,US-East,0.8847958392606196,46.14966824602297,65.94841119310433,0.9878576481895319,49484.51639691795
2026-08-17 18:00:00,US-East,0.9577251294330241,38.4883627138884,57.262414164228204,0.9888308188871924,48287.32324362415
2026-08-17 19:00:00,US-East,0.9252529789718823,49.35986649049659,69.43323209387137,0.9871650405401519,48414.00549243434
2026-08-17 20:00:00,US-East,0.9451152156240381,38.63407512575142,60.886222432450516,0.9878294651627217,53960.22919382106
2026-08-17 21:00:00,US-East,0.973735485117696,43.94643442830936,61.947370015900205,0.995689637851473,46727.37066205179
2026-08-17 22:00:00,US-East,0.9722563590977295,63.994324349849585,78.9540125091311,0.9822503047569101,52578.67314648606
2026-08-17 23:00:00,US-East,0.8942486447614747,44.54592719862847,61.124248252346064,0.990386732663483,48120.31026510597
2026-08-18 00:00:00,US-East,0.9479203447794998,48.09805983693594,68.87106705969546,0.9775950782706594,48701.74591902331
2026-08-18 01:00:00,US-East,0.9612609665715088,41.80299474548767,63.714699814597424,0.9924575456475289,56656.06698606843
2026-08-18 02:00:00,US-East,0.9684432920129494,39.20523213631578,56.21732628907843,0.9818444892902434,48255.65193578372
2026-08-18 03:00:00,US-East,0.9763129548248981,48.235194026834954,69.60594011475371,0.9942095607455823,48272.662074713226
2026-08-18 04:00:00,US-East,0.9872291572457315,50.00826379707726,66.33427168414069,0.9923341665053427,52623.65988096202
2026-08-18 05:00:00,US-East,0.9228297177504152,40.580575544168134,60.18592076594044,0.9957630048500519,49691.22139870337
2026-08-18 06:00:00,US-East,0.959640660235104,52.128295994303336,73.40399855238056,0.9862617544612436,50132.30778539161
2026-08-18 07:00:00,US-East,0.9620674327458384,48.24289031813186,66.59419949345873,0.9919772641729493,50399.92915263716
2026-08-18 08:00:00,US-East,0.9199036590895605,42.76135518545361,64.33739009572682,0.998155289541498,48700.88568906105
2026-08-18 09:00:00,US-East,1.0,40.730030920310355,60.41540945122212,0.9913321341052154,48561.493317581386
2026-08-18 10:00:00,US-East,0.9490550145752108,46.574522268201385,65.59714921870288,0.9913987970799025,49339.833369852306
2026-08-18 11:00:00,US-East,0.9611911464820776,38.699429354025646,60.95562389179463,0.9825539523082172,50270.903642096426
2026-08-18 12:00:00,US-East,0.9449788544219477,49.56605563572592,68.88562648797146,0.9980067353837595,45499.7305732312
2026-08-18 13:00:00,US-East,0.950198315404849,54.84480916908258,74.2763738991271,0.9910754277212435,48079.3584193236
2026-08-18 14:00:00,US-East,0.9840633505103978,46.41299005387961,64.49631499974122,0.9894809177017667,49100.82469849703
2026-08-18 15:00:00,US-East,0.9355213131022495,51.61270238691143,72.76392162018104,0.9880756962145714,49332.03459668362
2026-08-18 16:00:00,US-East,0.941386636928015,47.852379568611084,67.9150486528824,0.987687276259284,47236.138869393486
2026-08-18 17:00:00,US-East,0.9497189488627232,46.434445682856634,65.04859165688981,1.0,48131.58086182082
2026-08-18 18:00:00,US-East,0.9435811934150646,36.013231399906374,57.29746832849719,0.9884536443535176,48005.300829831634
2026-08-18 19:00:00,US-East,0.9598755456517694,49.72184279418488,71.60706373560015,0.9922031349899582,47035.19643864852
2026-08-18 20:00:00,US-East,0.9705481095625478,53.925123546222714,70.86979508059878,0.997176184039959,48900.25639944949
2026-08-18 21:00:00,US-East,0.9408100087472664,46.15526339112933,64.55493986560859,0.9883969450821017,52128.624000537086
2026-08-18 22:00:00,US-East,0.9484317856474604,36.934791491546925,57.85936671343256,0.9883082115103594,51161.93879207436
2026-08-18 23:00:00,US-East,0.935097834555918,43.852206859303855,60.010460446879705,0.9926079867605824,50703.68831397797
2026-08-19 00:00:00,US-East,0.9511094249618505,41.598485506323,64.28342284782511,0.9888920808153687,51113.842719436114
2026-08-19 01:00:00,US-East,0.9258171575474594,45.68924806583583,67.594024386869,0.9883099454621627,47588.61968735458
2026-08-19 02:00:00,US-East,0.9285851013875829,51.527294460017686,70.31244173570636,0.9928794574719355,53242.632288782916
2026-08-19 03:00:00,US-East,0.9182452611310348,51.55463287009978,72.65030559989269,0.9817237394203409,50408.74688879235
2026-08-19 04:00:00,US-East,0.976375751825587,49.626595100757996,72.0370388506635,0.9838780920683358,47330.672572158524
2026-08-19 05:00:00,US-East,0.9266935207012598,49.49968234903386,66.9635478896871,0.984643031213452,54382.30092524252
2026-08-19 06:00:00,US-East,0.9417613645650601,41.072246146789894,57.707178892282386,0.986353183322997,46241.0682496088
2026-08-19 07:00:00,US-East,0.9249244483561524,43.068207735715184,63.662061396866505,0.9905443644976631,47037.39086112323
2026-08-19 08:00:00,US-East,0.9871579642449685,39.798593137516654,62.72792908815104,0.977461586619407,50042.58524982492
2026-08-19 09:00:00,US-East,0.962243119792431,40.432917943087844,63.32916970884479,0.9881127569450112,48230.29210075349
2026-08-19 10:00:00,US-East,0.9694161112619113,51.383356789148486,72.91872455732975,0.9889558868627832,52901.359818209836
2026-08-19 11:00:00,US-East,0.9493533167472226,52.69904963596635,74.81616756727414,1.0,51314.72942391172
2026-08-19 12:00:00,US-East,0.9747194012285318,48.16926840451336,69.51897176306618,0.9911620349632991,50002.29865686019
2026-08-19 13:00:00,US-East,0.9400030093244136,46.99470338176525,67.69546690906455,1.0,47301.57340098308
2026-08-19 14:00:00,US-East,0.9399668845249821,43.28000050465249,61.72585045667974,0.9942346131889108,51370.90097311388
2026-08-19 15:00:00,US-East,0.9789455992205072,39.22712470994027,59.73927930298514,0.9921541424450661,45489.34554621635
2026-08-19 16:00:00,US-East,0.9478020775561052,44.78160371346827,67.17318931614012,0.9869647224511012,50575.904042927716
2026-08-19 17:00:00,US-East,0.9804825023378033,48.23811997195476,67.32307634970147,0.9876851591168793,51283.31146004167
2026-08-19 18:00:00,US-East,0.9522794924311709,41.24890117501219,62.72944175741122,0.9933481916929143,50212.76531818941
2026-08-19 19:00:00,US-East,0.9778690918740075,42.321979284419875,61.20826205716032,0.9970373778046115,49711.79559357755
2026-08-19 20:00:00,US-East,0.9227795907123774,48.88832740797468,68.07935388847973,0.9880005081929986,53811.27365841587
2026-08-19 21:00:00,US-East,0.9234108229467115,49.68944862529309,68.78146190889998,0.9836546559672134,50229.21163464846
2026-08-19 22:00:00,US-East,0.9155281209515141,39.763542449134704,55.369477098672135,0.9900638220424341,50743.875658772886
2026-08-19 23:00:00,US-East,0.9402812832306634,47.40383577651271,67.10474120757908,0.9851338029909478,49396.62371200167
2026-08-20 00:00:00,US-East,0.9526652496209894,39.830465651288264,58.81328569928711,0.9901748715260816,50257.99974006943
